model,pred,segment,value,n,rmse,mae,mape,bias
xgb_no_lag_residual_no_marketing,prediction_calibrated,actual_bucket,q1,293,498334.58584887855,384550.37365657394,0.3398374824111179,306961.38643314975
xgb_no_lag_residual,prediction_calibrated,actual_bucket,q1,293,499135.1132350922,385820.4933462345,0.34255915848111945,313293.89286970574
xgb_no_lag,prediction_calibrated,actual_bucket,q1,293,521436.8102572924,409250.42104101885,0.3643320400155155,346488.973994488
xgb,prediction_calibrated,actual_bucket,q1,293,558320.708296576,429324.56726386683,0.38486402287867416,362415.5125774317
xgb_no_lag_residual_legacy_lookup_mic,prediction_calibrated,actual_bucket,q1,293,633902.3458201971,472121.5472852781,0.41412923646936617,395368.9830033571
xgb_no_lag,prediction_calibrated,actual_bucket,q2,293,484650.8840876518,359188.6353123932,0.19090516547832992,95156.2992099301
xgb_no_lag_residual,prediction_calibrated,actual_bucket,q2,293,549438.279609049,399516.7045982802,0.21294477291585043,93733.41513633753
xgb_no_lag_residual_no_marketing,prediction_calibrated,actual_bucket,q2,293,553375.4521040638,401542.6406816399,0.21399673678019387,102628.91157188737
xgb,prediction_calibrated,actual_bucket,q2,293,561497.4656596552,416624.81749631005,0.22221093190454286,118990.97811481755
xgb_no_lag_residual_legacy_lookup_mic,prediction_calibrated,actual_bucket,q2,293,691082.8453610988,497172.9596712588,0.2642496743121553,204865.80901847393
xgb_no_lag,prediction_calibrated,actual_bucket,q3,293,661189.7478656828,510261.4860883204,0.2031010059327764,47262.41090146051
xgb,prediction_calibrated,actual_bucket,q3,293,707908.249779819,547477.6794018804,0.2179446905075396,53385.803825714356
xgb_no_lag_residual,prediction_calibrated,actual_bucket,q3,293,724328.4232978441,552982.9210399166,0.2195492862760608,40420.24103415114
xgb_no_lag_residual_no_marketing,prediction_calibrated,actual_bucket,q3,293,727740.179433969,555668.8206904234,0.22020315611705266,48286.15185162856
xgb_no_lag_residual_legacy_lookup_mic,prediction_calibrated,actual_bucket,q3,293,845338.0737238636,650054.4906786176,0.25724879622359265,124449.64979902975
xgb_no_lag,prediction_calibrated,actual_bucket,q4,293,766234.2949641336,625225.2522813457,0.18213476902171788,-228587.6120281505
xgb,prediction_calibrated,actual_bucket,q4,293,782180.790240771,636635.344893675,0.18636210224983676,-215702.2906448413
xgb_no_lag_residual_no_marketing,prediction_calibrated,actual_bucket,q4,293,825145.9642436296,631428.4185869939,0.18276583702368768,-180411.951355476
xgb_no_lag_residual,prediction_calibrated,actual_bucket,q4,293,840176.826260104,637150.0641827652,0.184774025757525,-193272.89684295276
xgb_no_lag_residual_legacy_lookup_mic,prediction_calibrated,actual_bucket,q4,293,943938.7784038209,732239.8284530292,0.2112632144312178,-213504.41681167058
xgb_no_lag_residual_no_marketing,prediction_calibrated,actual_bucket,q5,291,1213765.206422724,889087.1744511696,0.16224878375417812,-624375.5231510411
xgb_no_lag_residual,prediction_calibrated,actual_bucket,q5,291,1213860.6475561922,895104.4062260734,0.1634381735194831,-612623.4247837258
xgb_no_lag,prediction_calibrated,actual_bucket,q5,291,1244791.050521882,932827.2413734759,0.17135578508885066,-660145.7302330916
xgb,prediction_calibrated,actual_bucket,q5,291,1287912.247224899,981400.8571210639,0.18269463213715292,-712955.4898061248
xgb_no_lag_residual_legacy_lookup_mic,prediction_calibrated,actual_bucket,q5,291,1369476.8223806932,1006007.2392545065,0.18284791923058757,-629269.6388778656
xgb_no_lag_residual_no_marketing,prediction_calibrated,horizon_bucket,01-30,90,651097.7560695487,456909.1099559724,0.20139598139100595,-22339.478343408457
xgb_no_lag_residual,prediction_calibrated,horizon_bucket,01-30,90,660307.3682163327,467879.60741230566,0.20482804933366527,-18097.33273725857
xgb_no_lag_residual_legacy_lookup_mic,prediction_calibrated,horizon_bucket,01-30,90,727445.5818566304,560696.1467533625,0.2565042122925296,253117.12677604117
xgb_no_lag,prediction_calibrated,horizon_bucket,01-30,90,728226.5206596791,518450.51889799774,0.2282681298511517,16979.008856572003
xgb,prediction_calibrated,horizon_bucket,01-30,90,728303.2832416743,496841.4314327864,0.21789008356285988,-105255.0502684539
xgb_no_lag,prediction_calibrated,horizon_bucket,121+,1103,757695.7815007487,553704.3318712608,0.2223748602765747,-72515.15942864002
xgb_no_lag_residual_no_marketing,prediction_calibrated,horizon_bucket,121+,1103,789161.1927723053,560154.1350830483,0.21994741166610865,-85759.43173038584
xgb_no_lag_residual,prediction_calibrated,horizon_bucket,121+,1103,790398.7596910186,559451.2082593517,0.22024691715516295,-84693.77554283713
xgb,prediction_calibrated,horizon_bucket,121+,1103,809912.7401471611,596725.6638042743,0.2436090390693106,-51107.57169143203
xgb_no_lag_residual_legacy_lookup_mic,prediction_calibrated,horizon_bucket,121+,1103,929333.8026883521,657207.4530639593,0.2598712593468261,-74963.83140448252
xgb_no_lag,prediction_calibrated,horizon_bucket,31-60,90,1025885.8630202356,783417.8613922168,0.2801982461866988,-277551.8706717717
xgb,prediction_calibrated,horizon_bucket,31-60,90,1053720.5050601005,793134.0024755279,0.2733945256220332,-350036.44479861145
xgb_no_lag_residual_no_marketing,prediction_calibrated,horizon_bucket,31-60,90,1120380.0339548688,870499.3810041087,0.3394962011625736,-65588.20248575877
xgb_no_lag_residual,prediction_calibrated,horizon_bucket,31-60,90,1129759.8300859877,884201.5112106203,0.3427887281920136,-101934.92816415036
xgb_no_lag_residual_legacy_lookup_mic,prediction_calibrated,horizon_bucket,31-60,90,1209446.7883713413,961299.721753177,0.38784782650799937,57547.075293953305
xgb_no_lag_residual_no_marketing,prediction_calibrated,horizon_bucket,61-90,90,896653.5269545836,628643.749013913,0.2064365991290786,-46052.87925758124
xgb_no_lag_residual,prediction_calibrated,horizon_bucket,61-90,90,910890.6322161814,640640.1032242177,0.21056340634194126,-44887.343371645045
xgb,prediction_calibrated,horizon_bucket,61-90,90,975426.8735018867,664685.2984105923,0.20246251529875067,-204503.0564346453
xgb_no_lag,prediction_calibrated,horizon_bucket,61-90,90,981371.9799574164,629645.617231949,0.193232702321342,-176728.05981710466
xgb_no_lag_residual_legacy_lookup_mic,prediction_calibrated,horizon_bucket,61-90,90,1016605.2966223046,755358.1335292906,0.25974349808252956,36656.02173180795
xgb_no_lag_residual,prediction_calibrated,horizon_bucket,91-120,90,604706.3787781511,476317.2578163115,0.19579249610102087,49552.83655613124
xgb_no_lag_residual_no_marketing,prediction_calibrated,horizon_bucket,91-120,90,627669.708857681,477493.3275600962,0.19662390962888926,69496.93811465075
xgb,prediction_calibrated,horizon_bucket,91-120,90,629538.776119452,514311.80211936665,0.20401087427030937,19738.72013384468
xgb_no_lag,prediction_calibrated,horizon_bucket,91-120,90,642457.2241181724,497009.414028312,0.18878587549811027,39029.74908491123
xgb_no_lag_residual_legacy_lookup_mic,prediction_calibrated,horizon_bucket,91-120,90,737655.5074678232,576688.3528236413,0.23601318997690843,200939.64790239825
xgb_no_lag,prediction_calibrated,is_aug_odd,0,1401,786100.8912103612,566255.5593839325,0.21856050499858795,-96454.16435506567
xgb_no_lag_residual_no_marketing,prediction_calibrated,is_aug_odd,0,1401,792138.5154378943,560965.2799723119,0.21481526335699833,-95848.72920014746
xgb_no_lag_residual,prediction_calibrated,is_aug_odd,0,1401,794034.6373856489,562761.6030432136,0.21568119703630015,-98062.08722627134
xgb,prediction_calibrated,is_aug_odd,0,1401,825706.5231655393,602964.1540569084,0.23581278659961685,-95485.45947388677
xgb_no_lag_residual_legacy_lookup_mic,prediction_calibrated,is_aug_odd,0,1401,923353.153628179,661163.6873184569,0.25781928817278893,-44953.31418787261
xgb_no_lag,prediction_calibrated,is_aug_odd,1,62,737857.600969598,580305.5870428056,0.3099975682128612,311349.32068373676
xgb,prediction_calibrated,is_aug_odd,1,62,775641.8721733406,574889.603900489,0.3084721928264859,319329.8761960952
xgb_no_lag_residual_no_marketing,prediction_calibrated,is_aug_odd,1,62,1037671.538634961,821883.1424751816,0.42905731165487815,546578.8779564876
xgb_no_lag_residual,prediction_calibrated,is_aug_odd,1,62,1043083.4343547012,820308.709939254,0.4293634479268688,541689.3658989315
xgb_no_lag_residual_legacy_lookup_mic,prediction_calibrated,is_aug_odd,1,62,1131747.4302153836,894730.7537700183,0.4523058346269184,478030.25147489336
xgb_no_lag,prediction_calibrated,is_month_end,0,1415,771582.1814996732,557764.0717402138,0.22275990318491878,-74983.21450200927
xgb_no_lag_residual_no_marketing,prediction_calibrated,is_month_end,0,1415,790109.6653730263,562544.0979539249,0.22434369216936545,-60019.974525536316
xgb_no_lag_residual,prediction_calibrated,is_month_end,0,1415,790422.664538142,562641.958809625,0.22500050632698224,-63312.62351428789
xgb,prediction_calibrated,is_month_end,0,1415,809973.0900844076,591857.4793087491,0.2389144528030658,-76468.36301732232
xgb_no_lag_residual_legacy_lookup_mic,prediction_calibrated,is_month_end,0,1415,905533.1225356818,652088.8630681073,0.26506187679089627,-7068.786128300144
xgb_no_lag,prediction_calibrated,is_month_end,1,48,1090723.5213540592,834725.4912737665,0.21287195261581235,-202653.70538983773
xgb_no_lag_residual_no_marketing,prediction_calibrated,is_month_end,1,48,1141242.4151049228,851441.947288888,0.21065443471052048,-322248.2338014683
xgb,prediction_calibrated,is_month_end,1,48,1156234.933725905,894116.7094516484,0.23822998468681675,-120290.47352596694
xgb_no_lag_residual,prediction_calibrated,is_month_end,1,48,1179058.803605945,898953.6284199307,0.21696196597171893,-296101.69261573034
xgb_no_lag_residual_legacy_lookup_mic,prediction_calibrated,is_month_end,1,48,1538348.0125741237,1230372.7380318244,0.295525600371417,-486237.1919629464
xgb_no_lag,prediction_calibrated,is_tet_week,0,1418,784725.7574141674,565740.5087260962,0.22097685287930072,-76120.88737031387
xgb_no_lag_residual_no_marketing,prediction_calibrated,is_tet_week,0,1418,803039.3185402179,570135.8973014124,0.2227830170791329,-61084.96245641351
xgb_no_lag_residual,prediction_calibrated,is_tet_week,0,1418,804601.4960547022,571501.3735966379,0.22345132250029862,-63988.54984997263
xgb,prediction_calibrated,is_tet_week,0,1418,824897.3277433128,601687.967829335,0.23823560798641405,-72208.40192053668
xgb_no_lag_residual_legacy_lookup_mic,prediction_calibrated,is_tet_week,0,1418,935331.4882697456,671550.8681631467,0.26508405078499575,-16907.66726417421
xgb_no_lag,prediction_calibrated,is_tet_week,1,45,764674.0326220156,601843.193776418,0.2683986522082371,-175315.73528778358
xgb,prediction_calibrated,is_tet_week,1,45,783212.407838025,604497.7087458213,0.2595755079237836,-257448.05500969978
xgb_no_lag_residual_no_marketing,prediction_calibrated,is_tet_week,1,45,835794.1702394346,631475.7711392771,0.2589204237232603,-306171.16473133356
xgb_no_lag_residual,prediction_calibrated,is_tet_week,1,45,853560.2437287098,642204.4026609674,0.265242566975532,-290321.7740224713
xgb_no_lag_residual_legacy_lookup_mic,prediction_calibrated,is_tet_week,1,45,860861.1337940018,655655.59136794,0.2968577880849395,-208147.67567038056
xgb_no_lag,prediction_calibrated,month,1,93,580134.9936034486,445246.32128592447,0.28477542253816396,-3790.3674822050466
xgb_no_lag_residual_no_marketing,prediction_calibrated,month,1,93,609502.747190432,456116.1202587941,0.27038187247026707,-125964.83494866505
xgb_no_lag_residual_legacy_lookup_mic,prediction_calibrated,month,1,93,613072.2138811356,464261.96976848884,0.27434105242255463,-7430.746233322095
xgb,prediction_calibrated,month,1,93,614157.8262592736,483935.6823148123,0.30226136183263813,-86795.78516334236
xgb_no_lag_residual,prediction_calibrated,month,1,93,615219.5884039073,458860.72481820046,0.27308855496964796,-131957.61969962725
xgb_no_lag_residual_no_marketing,prediction_calibrated,month,10,155,521040.88403267047,401405.40323021874,0.19309233120227343,-43941.71059136299
xgb_no_lag_residual,prediction_calibrated,month,10,155,523730.19282204384,409289.54714316817,0.19499441666423836,-68496.87516950992
xgb_no_lag,prediction_calibrated,month,10,155,549715.2801717098,427365.50044044986,0.20233923312854582,-66681.59095846662
xgb,prediction_calibrated,month,10,155,632244.192999303,475901.8983727884,0.22507575035936464,-35268.06686360531
xgb_no_lag_residual_legacy_lookup_mic,prediction_calibrated,month,10,155,712036.2348592583,554115.0187177368,0.26425702167804255,-4405.72532228193
xgb_no_lag,prediction_calibrated,month,11,150,533594.6354984281,411007.97349084687,0.27427107348761837,94889.09222489322
xgb_no_lag_residual_no_marketing,prediction_calibrated,month,11,150,551925.6599551927,410562.1045632242,0.25885363941891315,-2797.279302693905
xgb_no_lag_residual,prediction_calibrated,month,11,150,553533.4740878281,416795.09040898015,0.2633826702394841,-1335.304542975224
xgb,prediction_calibrated,month,11,150,561950.3137144948,441522.4254079141,0.2903574673828248,91259.9058495313
xgb_no_lag_residual_legacy_lookup_mic,prediction_calibrated,month,11,150,644722.5440010054,484683.4740375299,0.3225878292306037,113144.3717606921
xgb_no_lag,prediction_calibrated,month,12,155,465005.3023410245,360768.1323256689,0.25718541524306004,45503.881571306665
xgb_no_lag_residual,prediction_calibrated,month,12,155,476868.42363823723,362641.7539037018,0.249846282466344,-85332.07659915044
xgb_no_lag_residual_no_marketing,prediction_calibrated,month,12,155,484288.0507106731,368091.8766425102,0.2521391111730632,-91080.02979351737
xgb,prediction_calibrated,month,12,155,547297.5904648814,420504.8544212416,0.30380136582521977,100442.30011850565
xgb_no_lag_residual_legacy_lookup_mic,prediction_calibrated,month,12,155,606651.9309797585,442830.3404790611,0.3109773476250116,49024.31705045789
xgb_no_lag,prediction_calibrated,month,2,84,1006616.0647067074,694806.9142421026,0.24378387666803017,-256979.8289529783
xgb_no_lag_residual_legacy_lookup_mic,prediction_calibrated,month,2,84,1028377.5098483949,719541.5987610021,0.25811519517783976,-144502.64326549374
xgb,prediction_calibrated,month,2,84,1029845.7169528558,733491.1544746148,0.2531316130839375,-319681.27152527607
xgb_no_lag_residual_no_marketing,prediction_calibrated,month,2,84,1054004.6138927282,737775.1619939874,0.24788138302944945,-297011.7028575442
xgb_no_lag_residual,prediction_calibrated,month,2,84,1054351.8024287303,737585.3614054024,0.25004261379664705,-303570.09744650713
xgb_no_lag_residual,prediction_calibrated,month,3,93,1004719.9033520413,673987.1935026858,0.1789213783039029,-392740.85784398764
xgb_no_lag_residual_no_marketing,prediction_calibrated,month,3,93,1005279.3773626596,674434.8092643128,0.17874036253222841,-394024.04150690156
xgb_no_lag_residual_legacy_lookup_mic,prediction_calibrated,month,3,93,1090888.702560494,703296.4669173725,0.18625463564303218,-399989.30707767926
xgb_no_lag,prediction_calibrated,month,3,93,1157375.723510853,829661.6831645047,0.2030085054226459,-584280.5132106056
xgb,prediction_calibrated,month,3,93,1215726.2760821856,889005.4918411239,0.21382790539089963,-679262.7722240604
xgb_no_lag,prediction_calibrated,month,4,90,786758.7242064229,623257.6194464383,0.15257600462635487,-61072.878456884355
xgb_no_lag_residual,prediction_calibrated,month,4,90,814553.5855192333,650393.1622139144,0.16583360091893903,32790.244551387696
xgb,prediction_calibrated,month,4,90,819734.5514288205,664006.9073603626,0.16946596438263703,-76844.26534971864
xgb_no_lag_residual_no_marketing,prediction_calibrated,month,4,90,821445.4727549738,633868.6654854406,0.16515051515083568,28202.693106894836
xgb_no_lag_residual_legacy_lookup_mic,prediction_calibrated,month,4,90,971127.4680573306,763148.5801672504,0.1881295849244215,-30602.147145128758
xgb_no_lag,prediction_calibrated,month,5,93,1016232.3191108166,795759.1001980266,0.19216120811608922,-171348.7804367962
xgb,prediction_calibrated,month,5,93,1078808.6559399161,833072.3067141344,0.20299603265680702,-195110.77432628808
xgb_no_lag_residual_no_marketing,prediction_calibrated,month,5,93,1165787.7210514196,847651.3564711261,0.21325798698758588,42017.83577700773
xgb_no_lag_residual,prediction_calibrated,month,5,93,1207570.838530861,864245.7061643723,0.2188690828948039,80977.104512035
xgb_no_lag_residual_legacy_lookup_mic,prediction_calibrated,month,5,93,1365737.3276968894,1031116.2246451636,0.25320447132188384,-199430.60690441506
xgb_no_lag,prediction_calibrated,month,6,90,764072.1054182128,610070.1351804899,0.14471359511360676,-183396.36709967832
xgb,prediction_calibrated,month,6,90,831156.24147899,637969.893726676,0.147310220032169,-214933.62472710494
xgb_no_lag_residual,prediction_calibrated,month,6,90,851003.330541887,643227.0693143915,0.1445062173787094,-171715.07752459543
xgb_no_lag_residual_no_marketing,prediction_calibrated,month,6,90,881402.3693631045,679013.8720994736,0.15254670034515386,-171240.2689042398
xgb_no_lag_residual_legacy_lookup_mic,prediction_calibrated,month,6,90,976493.0811615455,750272.194252333,0.17342690019216972,-287251.77176642796
xgb_no_lag_residual,prediction_calibrated,month,7,155,746944.367546888,518618.1951379345,0.17585590270258375,-68670.69081345337
xgb_no_lag_residual_no_marketing,prediction_calibrated,month,7,155,747128.2587625865,514880.0244599367,0.17518615612593594,-71658.29434338154
xgb,prediction_calibrated,month,7,155,768280.8211395618,565165.746147467,0.19961495230754503,-68885.1687007958
xgb_no_lag,prediction_calibrated,month,7,155,788062.9432168967,587008.0611823889,0.20204480846540476,-75438.11874332534
xgb_no_lag_residual_legacy_lookup_mic,prediction_calibrated,month,7,155,1035522.786931992,723051.505569992,0.24413470341777338,51839.63793773485
xgb_no_lag,prediction_calibrated,month,8,155,959461.0727214057,714854.0620864092,0.25846388557342914,30345.421061114317
xgb,prediction_calibrated,month,8,155,966993.6229234319,710479.8291254449,0.2551444087375958,-11487.482041092266
xgb_no_lag_residual_no_marketing,prediction_calibrated,month,8,155,1042243.1767051822,827823.9268602513,0.3123692319510302,75795.330423987
xgb_no_lag_residual,prediction_calibrated,month,8,155,1049333.7058770785,836199.9080214414,0.315068635046352,53400.645031043285
xgb_no_lag_residual_legacy_lookup_mic,prediction_calibrated,month,8,155,1171235.9111905403,919612.1010656791,0.3449072868582386,180825.31507926606
xgb_no_lag_residual,prediction_calibrated,month,9,150,761294.6517408462,553400.175958203,0.2194197790514052,12530.71752414691
xgb_no_lag_residual_no_marketing,prediction_calibrated,month,9,150,765735.170699641,558588.3397845571,0.22087724292415223,17228.09020908714
xgb_no_lag,prediction_calibrated,month,9,150,784055.2013075548,545114.1829295848,0.20805653575730318,-37170.07266561726
xgb,prediction_calibrated,month,9,150,847748.0371928058,623660.2521291887,0.24555913945345917,114613.84799137647
xgb_no_lag_residual_legacy_lookup_mic,prediction_calibrated,month,9,150,888585.8518659876,658637.4290651008,0.2652773298608927,25932.422340019544
xgb_no_lag,prediction_calibrated,odd_year_q4_pressure_flag,0,1279,816459.8466142016,592350.7199326624,0.2203588331847643,-94621.13988953475
xgb_no_lag_residual_no_marketing,prediction_calibrated,odd_year_q4_pressure_flag,0,1279,831884.4558002441,592372.0653754652,0.22122988989651446,-70334.42296147514
xgb_no_lag_residual,prediction_calibrated,odd_year_q4_pressure_flag,0,1279,834753.9442937967,594135.8638048021,0.22194198778621532,-72876.89379650683
xgb,prediction_calibrated,odd_year_q4_pressure_flag,0,1279,850492.2668228548,622542.3269974362,0.23271979533207365,-106114.47228391646
xgb_no_lag_residual_legacy_lookup_mic,prediction_calibrated,odd_year_q4_pressure_flag,0,1279,958714.1359367417,687269.5171272346,0.2587384276695454,-17991.289990544356
xgb_no_lag,prediction_calibrated,odd_year_q4_pressure_flag,1,184,504971.81962503504,389600.07771558786,0.2368704841788347,28216.367063367252
xgb_no_lag_residual,prediction_calibrated,odd_year_q4_pressure_flag,1,184,568894.9672576624,431458.5656164892,0.24416352413452724,-57558.13235076177
xgb_no_lag_residual_no_marketing,prediction_calibrated,odd_year_q4_pressure_flag,1,184,574621.493826377,430571.959018752,0.24241689189193022,-56730.71852379157
xgb,prediction_calibrated,odd_year_q4_pressure_flag,1,184,604969.7818133214,457414.668727382,0.28179549864990844,118172.46550201999
xgb_no_lag_residual_legacy_lookup_mic,prediction_calibrated,odd_year_q4_pressure_flag,1,184,730946.5313518515,558401.7405498157,0.31696377982390034,-56145.96569489095
xgb_no_lag,prediction_calibrated,post_tet_window,0,1421,787034.8377746855,568827.7362177166,0.2225251614825601,-78348.44490803932
xgb_no_lag_residual_no_marketing,prediction_calibrated,post_tet_window,0,1421,805798.7117149128,572640.7613951138,0.22386657654878842,-64698.92777056301
xgb_no_lag_residual,prediction_calibrated,post_tet_window,0,1421,808224.1706037906,574244.5016672302,0.22461656435069258,-66879.43542840378
xgb,prediction_calibrated,post_tet_window,0,1421,825407.3307142545,603276.3558705153,0.23923055731166784,-73921.78997180137
xgb_no_lag_residual_legacy_lookup_mic,prediction_calibrated,post_tet_window,0,1421,937769.2973888883,674524.2440487625,0.26639020582284684,-21332.43945117649
xgb_no_lag,prediction_calibrated,post_tet_window,1,42,678022.9926917054,499970.7601944777,0.21940148251193214,-107035.38487455867
xgb_no_lag_residual,prediction_calibrated,post_tet_window,1,42,732587.4114589631,554445.452634328,0.2288036399282909,-208680.1374883484
xgb_no_lag_residual_no_marketing,prediction_calibrated,post_tet_window,1,42,743092.1197109292,551109.2888622263,0.22484123833163755,-201404.82890796076
xgb_no_lag_residual_legacy_lookup_mic,prediction_calibrated,post_tet_window,1,42,759628.5369465029,553920.9969906625,0.25493576196859274,-72102.8839439139
xgb,prediction_calibrated,post_tet_window,1,42,761680.6190843345,550957.9424656382,0.22743733431965182,-212709.8297339941
xgb_no_lag,prediction_calibrated,pre_tet_window,0,1400,793052.7272172779,573585.9201070957,0.22277419717878374,-84043.03785119223
xgb_no_lag_residual_no_marketing,prediction_calibrated,pre_tet_window,0,1400,813263.5686155661,579617.1598577014,0.22515439590583652,-67883.44704176563
xgb_no_lag_residual,prediction_calibrated,pre_tet_window,0,1400,815193.3267884545,581067.9048176514,0.22582933350684242,-70251.68261516163
xgb,prediction_calibrated,pre_tet_window,0,1400,833596.7649923003,609402.3683174696,0.2396855681242675,-78581.43039011396
xgb_no_lag_residual_legacy_lookup_mic,prediction_calibrated,pre_tet_window,0,1400,945143.3222615017,680548.2105232298,0.26764435272565257,-25035.560924362126
xgb_no_lag,prediction_calibrated,pre_tet_window,1,63,549222.0886730483,417185.66577157454,0.21490858225272727,29073.438295457105
xgb,prediction_calibrated,pre_tet_window,1,63,558527.3270906399,432263.80366828176,0.22125705725921968,-62899.5849618722
xgb_no_lag_residual_no_marketing,prediction_calibrated,pre_tet_window,1,63,562122.6076697203,403255.3694267996,0.19589814313628515,-85069.100279881
xgb_no_lag_residual,prediction_calibrated,pre_tet_window,1,63,569309.0162610202,409413.95452482573,0.20045752237687325,-86474.41042930346
xgb_no_lag_residual_legacy_lookup_mic,prediction_calibrated,pre_tet_window,1,63,607683.9412597398,460256.1576885306,0.230883978746549,27112.185846679746
xgb_no_lag,prediction_calibrated,promo_window_midyear,0,1125,762837.5914124036,541693.1796672111,0.23396529378227596,-63728.5407593305
xgb_no_lag_residual_no_marketing,prediction_calibrated,promo_window_midyear,0,1125,767698.6996795746,548551.0076823224,0.23719261090251348,-69142.38051445365
xgb_no_lag_residual,prediction_calibrated,promo_window_midyear,0,1125,767971.6853240379,551677.3677527237,0.23837497033521893,-75762.48905297136
xgb,prediction_calibrated,promo_window_midyear,0,1125,805862.1610075396,584801.9819225657,0.25459744136325124,-58497.90845542213
xgb_no_lag_residual_legacy_lookup_mic,prediction_calibrated,promo_window_midyear,0,1125,868401.1205831011,627797.6381589692,0.2775559720861875,2686.9728310880528
xgb_no_lag,prediction_calibrated,promo_window_midyear,1,338,851118.2490103033,650586.2661773103,0.18405964860106108,-130574.01782487726
xgb,prediction_calibrated,promo_window_midyear,1,338,880255.9265388906,658265.4012209253,0.18661795398712352,-142504.52481185677
xgb_no_lag_residual_no_marketing,prediction_calibrated,promo_window_midyear,1,338,914757.5174508443,650145.6462486909,0.17963328408411067,-66896.4529507219
xgb_no_lag_residual,prediction_calibrated,promo_window_midyear,1,338,921909.9266455334,646896.7667395317,0.17934334080532868,-54933.26430082724
xgb_no_lag_residual_legacy_lookup_mic,prediction_calibrated,promo_window_midyear,1,338,1121987.5058875068,815062.9873907069,0.22780270970409863,-107587.46159982316
xgb_no_lag,prediction_calibrated,promo_window_q4,0,1003,879843.0793701967,643560.3948067478,0.21241887857575018,-126400.24452420692
xgb_no_lag_residual_no_marketing,prediction_calibrated,promo_window_q4,0,1003,905140.619310183,654050.5663109807,0.2190616329060249,-78811.78217452027
xgb_no_lag_residual,prediction_calibrated,promo_window_q4,0,1003,908063.1532448451,655154.0684508117,0.2196731624308669,-79517.90659290504
xgb,prediction_calibrated,promo_window_q4,0,1003,913363.3746639206,673204.910051144,0.22329951831034006,-137355.6016258193
xgb_no_lag_residual_legacy_lookup_mic,prediction_calibrated,promo_window_q4,0,1003,1035703.7842629781,752277.7476428376,0.25094544651084977,-57058.080825261466
xgb_no_lag,prediction_calibrated,promo_window_q4,1,460,517231.53596425196,399591.1067442944,0.244276046784221,23806.127997226504
xgb_no_lag_residual,prediction_calibrated,promo_window_q4,1,460,518616.2637092869,396018.7287469823,0.23577762804600624,-52269.09392519269
xgb_no_lag_residual_no_marketing,prediction_calibrated,promo_window_q4,1,460,519460.7583334004,393166.0740538187,0.23443243365437857,-46408.612293609876
xgb,prediction_calibrated,promo_window_q4,1,460,581890.9690558421,446024.80542230816,0.272890376339205,51719.547895520096
xgb_no_lag_residual_legacy_lookup_mic,prediction_calibrated,promo_window_q4,1,460,656039.6816672358,493976.19952420256,0.29902065570992165,51929.42930863281
xgb_no_lag,prediction_calibrated,year_end_inventory_clearance_window,0,853,821075.5613918777,596530.6324018938,0.21295368340759055,-139336.89680991456
xgb_no_lag_residual_no_marketing,prediction_calibrated,year_end_inventory_clearance_window,0,853,839922.5097433785,587298.9440310436,0.20779784600883386,-126023.57782663548
xgb_no_lag_residual,prediction_calibrated,year_end_inventory_clearance_window,0,853,841963.4882412929,586996.4717165112,0.20786606144261138,-120913.99741381689
xgb,prediction_calibrated,year_end_inventory_clearance_window,0,853,859690.5232220207,629225.5168613922,0.22822669905724957,-161325.4740851882
xgb_no_lag_residual_legacy_lookup_mic,prediction_calibrated,year_end_inventory_clearance_window,0,853,969571.5017741001,682107.6127023156,0.24225972191101783,-95601.72697913884
xgb_no_lag,prediction_calibrated,year_end_inventory_clearance_window,1,610,729300.6948658726,525348.124024144,0.23569446686154816,4960.240327543924
xgb_no_lag_residual_no_marketing,prediction_calibrated,year_end_inventory_clearance_window,1,610,751062.3966230706,550660.8406822787,0.2464035649839703,11642.512639370005
xgb_no_lag_residual,prediction_calibrated,year_end_inventory_clearance_window,1,610,753224.1974992637,555049.4352550688,0.2483280990307785,-1082.9569250599588
xgb,prediction_calibrated,year_end_inventory_clearance_window,1,610,770421.6307123485,563387.8186767076,0.25380592735323193,38744.18523919352
xgb_no_lag_residual_legacy_lookup_mic,prediction_calibrated,year_end_inventory_clearance_window,1,610,879642.3602071923,655616.1295603674,0.2993446585030296,79027.14020891686
xgb_no_lag_residual,prediction_raw,actual_bucket,q1,293,408975.0585548077,308558.7827369296,0.2596104024960972,89641.67554970414
xgb_no_lag_residual_no_marketing,prediction_raw,actual_bucket,q1,293,410242.0605145633,309887.23763958045,0.26080043675551573,89859.61423044512
xgb_no_lag,prediction_raw,actual_bucket,q1,293,437394.18930792925,320574.51180887374,0.27112685025001904,130147.96313993173
xgb_no_lag_residual_legacy_lookup_mic,prediction_raw,actual_bucket,q1,293,455301.8393560181,352144.8869510154,0.2891405356313661,-64798.942163907624
xgb,prediction_raw,actual_bucket,q1,293,523191.88222390536,397257.6494539249,0.3468256553230222,284116.6644709898
xgb_no_lag,prediction_raw,actual_bucket,q2,293,537904.4463885791,415601.7375426621,0.2208040692287106,-81081.7737883959
xgb_no_lag_residual_no_marketing,prediction_raw,actual_bucket,q2,293,547254.0827946122,422016.8868055182,0.22473368628354337,-101356.45877358675
xgb_no_lag_residual,prediction_raw,actual_bucket,q2,293,547404.0045658842,423233.59393388906,0.22529984137772788,-105402.38931006829
xgb,prediction_raw,actual_bucket,q2,293,558524.6332624567,415677.2609215017,0.2219571220724153,51698.73197952218
xgb_no_lag_residual_legacy_lookup_mic,prediction_raw,actual_bucket,q2,293,665399.615524947,538684.6762051489,0.2861406341872583,-295371.2272545561
xgb_no_lag_residual,prediction_raw,actual_bucket,q3,293,694364.6515782883,546787.4570451602,0.2159867575452063,-194519.14804629696
xgb_no_lag_residual_no_marketing,prediction_raw,actual_bucket,q3,293,696973.1260598617,547498.7886187105,0.21621074037356638,-188214.23199594312
xgb,prediction_raw,actual_bucket,q3,293,711568.1585420398,562480.1459726961,0.22393959065587443,-3510.4024232082106
xgb_no_lag,prediction_raw,actual_bucket,q3,293,716262.6978502873,566583.462559727,0.22530367741088755,-84281.12187713312
xgb_no_lag_residual_legacy_lookup_mic,prediction_raw,actual_bucket,q3,293,851713.7072332168,692370.9170573229,0.27282310795947534,-433163.36018238653
xgb,prediction_raw,actual_bucket,q4,293,793069.5920545144,637996.525119454,0.1859950897012265,-293140.1082593857
xgb_no_lag,prediction_raw,actual_bucket,q4,293,837981.4747054373,673686.4553583617,0.1962716047525769,-324467.69631399313
xgb_no_lag_residual_no_marketing,prediction_raw,actual_bucket,q4,293,907452.8892302334,732257.2743528192,0.21136664375040481,-494923.95388994407
xgb_no_lag_residual,prediction_raw,actual_bucket,q4,293,913631.9218925232,738614.6936115603,0.21333605067876243,-508737.9116210272
xgb_no_lag_residual_legacy_lookup_mic,prediction_raw,actual_bucket,q4,293,1203076.197639966,1036021.5147941412,0.29781429499983736,-869085.5955935123
xgb_no_lag,prediction_raw,actual_bucket,q5,291,1304484.514826316,999940.1739518901,0.18642370737621905,-705114.7780068729
xgb,prediction_raw,actual_bucket,q5,291,1373526.5104009549,1075996.9052233677,0.19850444936440673,-921313.301718213
xgb_no_lag_residual_no_marketing,prediction_raw,actual_bucket,q5,291,1503168.376918816,1177528.3585213516,0.21158322892822953,-1085593.5346737674
xgb_no_lag_residual,prediction_raw,actual_bucket,q5,291,1512490.940792147,1190713.989799035,0.21386056934586709,-1109871.6160547861
xgb_no_lag_residual_legacy_lookup_mic,prediction_raw,actual_bucket,q5,291,1809989.6060857333,1489840.7823620941,0.2774460241684508,-1291519.731231675
xgb_no_lag_residual_no_marketing,prediction_raw,horizon_bucket,01-30,90,725980.776316342,504096.1592909376,0.19971277233077533,-291775.0677654841
xgb_no_lag_residual,prediction_raw,horizon_bucket,01-30,90,733730.6754447782,511258.35475650197,0.2019717856936227,-295957.0105769595
xgb,prediction_raw,horizon_bucket,01-30,90,750030.8395397743,504755.6492222223,0.21559594391711978,-177341.2318888889
xgb_no_lag,prediction_raw,horizon_bucket,01-30,90,756449.2149077802,530968.6156666667,0.21886690729465863,-101279.16255555555
xgb_no_lag_residual_legacy_lookup_mic,prediction_raw,horizon_bucket,01-30,90,784081.6130808973,550508.5589178697,0.2024913151516329,-371904.28606165736
xgb_no_lag,prediction_raw,horizon_bucket,121+,1103,793327.3111142238,581388.7948232094,0.21952067646924103,-208300.89507706257
xgb,prediction_raw,horizon_bucket,121+,1103,832557.6213118288,613858.8826382592,0.2400897747886655,-153364.90329102447
xgb_no_lag_residual_no_marketing,prediction_raw,horizon_bucket,121+,1103,889276.2424393309,631129.8381725994,0.22387808048762411,-375249.2198750433
xgb_no_lag_residual,prediction_raw,horizon_bucket,121+,1103,889400.5042343555,632501.2861758528,0.22394740736918498,-381757.23132269824
xgb_no_lag_residual_legacy_lookup_mic,prediction_raw,horizon_bucket,121+,1103,1117658.7067500087,834169.5395128301,0.29292196085532757,-635918.8709445776
xgb_no_lag,prediction_raw,horizon_bucket,31-60,90,1083473.827266922,809467.7733333333,0.27399768571960575,-417813.50600000005
xgb,prediction_raw,horizon_bucket,31-60,90,1087920.523665971,799622.7066666668,0.26518791439408507,-429003.45933333336
xgb_no_lag_residual_no_marketing,prediction_raw,horizon_bucket,31-60,90,1179404.2065650865,907201.6992764818,0.32106850309308566,-338004.597105387
xgb_no_lag_residual,prediction_raw,horizon_bucket,31-60,90,1198651.9226311182,921755.0695288639,0.3237795465777471,-371946.8961113527
xgb_no_lag_residual_legacy_lookup_mic,prediction_raw,horizon_bucket,31-60,90,1318595.632304358,1017331.0202023749,0.3396164446006951,-523834.3572503686
xgb_no_lag_residual_no_marketing,prediction_raw,horizon_bucket,61-90,90,1033799.3910406084,697831.1059009718,0.19739498405387604,-349285.5694397604
xgb,prediction_raw,horizon_bucket,61-90,90,1034969.4764908853,695784.3706666667,0.2050763725504752,-285989.94755555555
xgb_no_lag,prediction_raw,horizon_bucket,61-90,90,1042252.2979648256,653821.1579999999,0.1939966934474832,-304632.92688888893
xgb_no_lag_residual,prediction_raw,horizon_bucket,61-90,90,1052343.4145186746,707843.4333564318,0.2001303838161055,-351109.1513556117
xgb_no_lag_residual_legacy_lookup_mic,prediction_raw,horizon_bucket,61-90,90,1174458.769066575,868415.6989877021,0.2578731686884979,-562573.1188466344
xgb,prediction_raw,horizon_bucket,91-120,90,624811.2458352842,510485.5538888888,0.19980630574540975,-79502.81611111111
xgb_no_lag_residual_no_marketing,prediction_raw,horizon_bucket,91-120,90,642146.255701463,512437.4326250343,0.19487783428929922,-193555.79884046776
xgb_no_lag_residual,prediction_raw,horizon_bucket,91-120,90,653258.6616782398,524552.5744306744,0.19733739075796813,-231727.18348184548
xgb_no_lag,prediction_raw,horizon_bucket,91-120,90,691026.1000974154,548069.9745555555,0.1995310444501389,-74269.10877777777
xgb_no_lag_residual_legacy_lookup_mic,prediction_raw,horizon_bucket,91-120,90,860582.2515247391,684708.1676915282,0.23777476082060175,-336160.8024913012
xgb_no_lag,prediction_raw,is_aug_odd,0,1401,827554.1562199794,596809.3294004282,0.2171437002624772,-229026.27923625984
xgb,prediction_raw,is_aug_odd,0,1401,852139.0947940793,619423.194910778,0.23268880470857445,-195152.59416845112
xgb_no_lag_residual_no_marketing,prediction_raw,is_aug_odd,0,1401,897211.9406277896,633511.9155031703,0.2186678048086363,-383357.5600379
xgb_no_lag_residual,prediction_raw,is_aug_odd,0,1401,901231.6044168965,637526.063315376,0.21946334990935626,-393330.8820896505
xgb_no_lag_residual_legacy_lookup_mic,prediction_raw,is_aug_odd,0,1401,1107650.450404893,821486.5439952541,0.28039687373485395,-612633.7490185334
xgb_no_lag,prediction_raw,is_aug_odd,1,62,725330.6040471265,547603.9861290322,0.28529502999858253,165974.2993548387
xgb,prediction_raw,is_aug_odd,1,62,761083.8754922387,568270.9148387098,0.298903136932634,270676.2122580645
xgb_no_lag_residual_no_marketing,prediction_raw,is_aug_odd,1,62,901594.6106110859,718177.3164974785,0.36707736580618067,284647.727537518
xgb_no_lag_residual,prediction_raw,is_aug_odd,1,62,901868.6531635156,715512.1424781657,0.3650896245369802,280834.16002169356
xgb_no_lag_residual_legacy_lookup_mic,prediction_raw,is_aug_odd,1,62,996456.4226164747,807630.0656008638,0.3815308831358787,-74534.8886354909
xgb_no_lag,prediction_raw,is_month_end,0,1415,813047.4596537001,589167.6797243815,0.2209198993843852,-209636.66154770317
xgb,prediction_raw,is_month_end,0,1415,833389.1639626878,606537.6156254417,0.23528454299876023,-170271.30749823322
xgb_no_lag_residual_no_marketing,prediction_raw,is_month_end,0,1415,875531.2689853413,624520.910449675,0.22527820615858246,-339169.69535330153
xgb_no_lag_residual,prediction_raw,is_month_end,0,1415,879004.9594332195,628165.8935200789,0.22596125853873192,-349025.7640851175
xgb_no_lag_residual_legacy_lookup_mic,prediction_raw,is_month_end,0,1415,1072511.928131125,800659.6272231052,0.28329259922251776,-573564.0338657437
xgb_no_lag,prediction_raw,is_month_end,1,48,1086922.5013176682,758521.8920833332,0.1938532978903672,-290406.97000000003
xgb,prediction_raw,is_month_end,1,48,1211631.5566323241,933207.6391666667,0.2416954488185498,-326936.64916666667
xgb_no_lag_residual_no_marketing,prediction_raw,is_month_end,1,48,1395773.002871712,1007918.7282603198,0.21549436463517632,-823138.8246010435
xgb_no_lag_residual,prediction_raw,is_month_end,1,48,1407179.4435231208,1014188.0876578474,0.21601102316656762,-828612.3272044616
xgb_no_lag_residual_legacy_lookup_mic,prediction_raw,is_month_end,1,48,1784101.051261295,1417548.743414805,0.3256647282727531,-1069332.0322987186
xgb_no_lag,prediction_raw,is_tet_week,0,1418,823215.5552676955,593939.7918688293,0.21912584524066575,-207875.71160084632
xgb,prediction_raw,is_tet_week,0,1418,849204.3002118181,617154.7284696755,0.23481496051570083,-170655.72889280677
xgb_no_lag_residual_no_marketing,prediction_raw,is_tet_week,0,1418,895905.9217093992,636143.3159418651,0.22424550636258714,-350315.30845579726
xgb_no_lag_residual,prediction_raw,is_tet_week,0,1418,899715.7136532135,639857.3977462137,0.2248521187599984,-360545.63703562075
xgb_no_lag_residual_legacy_lookup_mic,prediction_raw,is_tet_week,0,1418,1103826.7692938382,821126.4445022601,0.2838572901455758,-586733.778836215
xgb,prediction_raw,is_tet_week,1,45,825284.1402484727,620428.6182222222,0.2569199083393846,-325267.45999999996
xgb_no_lag,prediction_raw,is_tet_week,1,45,831756.6165544698,619437.6168888889,0.24858149725285753,-351281.1466666666
xgb_no_lag_residual_no_marketing,prediction_raw,is_tet_week,1,45,943210.0753954764,667243.6719382379,0.2473836265496468,-504192.7803433617
xgb_no_lag_residual,prediction_raw,is_tet_week,1,45,948592.4213607109,671510.611874603,0.25029790094718296,-497580.76821656054
xgb_no_lag_residual_legacy_lookup_mic,prediction_raw,is_tet_week,1,45,1082125.8700411988,813742.5311199947,0.3106954984561834,-687389.9351247319
xgb_no_lag,prediction_raw,month,1,93,629664.0866114555,477456.36193548376,0.2682186842885509,-198609.13999999996
xgb,prediction_raw,month,1,93,664396.2014143083,507500.40322580654,0.29654489254943067,-157863.08946236558
xgb_no_lag_residual_no_marketing,prediction_raw,month,1,93,709124.8687281887,494062.9711610986,0.25230675572162686,-352691.26461751794
xgb_no_lag_residual,prediction_raw,month,1,93,716369.282083961,496079.53880162636,0.25237614595309243,-359533.3547265872
xgb_no_lag_residual_legacy_lookup_mic,prediction_raw,month,1,93,792224.0243988307,584782.8038813412,0.2994340624340148,-485015.48724264035
xgb_no_lag_residual_no_marketing,prediction_raw,month,10,155,572777.827311827,458476.23027663305,0.2056918453140361,-253246.68794459457
xgb_no_lag_residual,prediction_raw,month,10,155,581647.2352563218,466976.39670341706,0.20841027031359344,-274762.746085613
xgb,prediction_raw,month,10,155,620489.0042967132,472804.8813548386,0.22023933724086417,-103117.95851612905
xgb_no_lag,prediction_raw,month,10,155,624111.0053434338,478630.9041935484,0.2156862671956307,-246097.79619354836
xgb_no_lag_residual_legacy_lookup_mic,prediction_raw,month,10,155,844889.1320623042,679601.1038243745,0.2941310705152138,-522636.2485943087
xgb,prediction_raw,month,11,150,558516.3822543982,437744.5097333333,0.2823005058059053,29094.615333333346
xgb_no_lag,prediction_raw,month,11,150,560935.7354278351,420258.36713333335,0.2566588196794873,-106969.18246666665
xgb_no_lag_residual_no_marketing,prediction_raw,month,11,150,589320.9693264737,414403.99826478097,0.2381389378877509,-191287.65599884832
xgb_no_lag_residual,prediction_raw,month,11,150,597091.237295953,420276.05771617556,0.24078364956478462,-195869.58430504112
xgb_no_lag_residual_legacy_lookup_mic,prediction_raw,month,11,150,708338.3184377926,520288.4103460609,0.29567866781659013,-342673.85811863927
xgb_no_lag,prediction_raw,month,12,155,505203.76113147696,383671.59541935485,0.23735053168593637,-168735.22070967744
xgb,prediction_raw,month,12,155,535417.3452896936,411128.5743870968,0.2811673818810376,17635.672322580664
xgb_no_lag_residual,prediction_raw,month,12,155,569712.197120273,431047.58488728927,0.2628989079647982,-320166.8225546431
xgb_no_lag_residual_no_marketing,prediction_raw,month,12,155,577226.0867590758,438792.7758386544,0.26785737347755567,-326806.06646534626
xgb_no_lag_residual_legacy_lookup_mic,prediction_raw,month,12,155,716210.0489757507,549481.7977663392,0.32695635133326933,-425311.9691832749
xgb_no_lag,prediction_raw,month,2,84,1050943.7727053687,709296.6875,0.22975767026963484,-390934.9651190476
xgb,prediction_raw,month,2,84,1071385.6009305965,737168.525,0.24588568232618901,-411303.95023809525
xgb_no_lag_residual_no_marketing,prediction_raw,month,2,84,1149621.3176279073,777843.1877148172,0.24369325218449026,-520514.04874949594
xgb_no_lag_residual,prediction_raw,month,2,84,1153566.1901978154,780627.472162189,0.24562735047071402,-528978.5417005374
xgb_no_lag_residual_legacy_lookup_mic,prediction_raw,month,2,84,1249557.2434440274,887644.2600077885,0.2906030235784452,-688438.8404372638
xgb_no_lag,prediction_raw,month,3,93,1223064.2148261026,877108.5262365593,0.21848514534809585,-705076.1830107527
xgb_no_lag_residual_no_marketing,prediction_raw,month,3,93,1247915.1752347434,902783.7821409527,0.2176667727469387,-757482.0445117303
xgb_no_lag_residual,prediction_raw,month,3,93,1272005.9726700673,917464.4113190629,0.22000500865835662,-780983.3232007788
xgb,prediction_raw,month,3,93,1326979.8888256273,980423.018387097,0.22972481468377043,-846380.9734408604
xgb_no_lag_residual_legacy_lookup_mic,prediction_raw,month,3,93,1418901.072425733,1120577.2207457907,0.2903535629317067,-1024168.7924208693
xgb_no_lag,prediction_raw,month,4,90,860622.0612477657,707143.897888889,0.172455739436186,-106012.2238888889
xgb,prediction_raw,month,4,90,883111.4754704557,707834.1247777778,0.1769010988379716,-257361.90388888892
xgb_no_lag_residual,prediction_raw,month,4,90,1005474.4731712404,779980.3421952053,0.18060564718086322,-442729.6926697332
xgb_no_lag_residual_no_marketing,prediction_raw,month,4,90,1016908.5192064974,780902.3884909287,0.18093493063822105,-428192.6254581675
xgb_no_lag_residual_legacy_lookup_mic,prediction_raw,month,4,90,1302833.1065041404,1038898.8222418008,0.22664161103957384,-681067.0610774055
xgb_no_lag,prediction_raw,month,5,93,1103070.154684929,880734.8145161291,0.21092723918145476,-195609.84612903223
xgb,prediction_raw,month,5,93,1123177.2248190034,876916.1016129031,0.20969999471678005,-299937.94182795694
xgb_no_lag_residual,prediction_raw,month,5,93,1234815.340056499,928629.3993929225,0.21418544874587714,-354670.1186205703
xgb_no_lag_residual_no_marketing,prediction_raw,month,5,93,1239933.9594881563,927239.7961704284,0.21470462656180406,-341886.8584718206
xgb_no_lag_residual_legacy_lookup_mic,prediction_raw,month,5,93,1606010.3396109596,1274526.3222120649,0.28833699837448534,-856878.7468335883
xgb_no_lag,prediction_raw,month,6,90,766101.0184130961,620819.4973333332,0.14732250782253256,-231876.36711111115
xgb,prediction_raw,month,6,90,854552.1242121415,680868.7166666667,0.15330811512651027,-400650.5737777778
xgb_no_lag_residual,prediction_raw,month,6,90,1067035.0149145895,795510.1460164418,0.16597475452354438,-597158.2000307272
xgb_no_lag_residual_no_marketing,prediction_raw,month,6,90,1078450.631996475,805290.1299589402,0.16869338423935926,-594789.5436064373
xgb_no_lag_residual_legacy_lookup_mic,prediction_raw,month,6,90,1327323.8707457676,1109337.6183558002,0.2498134045701128,-977426.2533387325
xgb,prediction_raw,month,7,155,772715.480958574,557494.6310967741,0.1913021545437424,-142585.82916129034
xgb_no_lag,prediction_raw,month,7,155,798742.7053720128,583070.0721935483,0.1909245837818776,-161897.11335483872
xgb_no_lag_residual_no_marketing,prediction_raw,month,7,155,824528.0974811881,577876.4719500726,0.1796573574089542,-368622.2672530577
xgb_no_lag_residual,prediction_raw,month,7,155,825097.4662158942,584434.5868825209,0.18159273784586857,-372768.2399864927
xgb_no_lag_residual_legacy_lookup_mic,prediction_raw,month,7,155,1142633.210450922,814766.2154403424,0.24184010123424246,-597872.0833726688
xgb_no_lag,prediction_raw,month,8,155,965991.3146379171,719310.3463225806,0.25438896343904305,-89575.5209032258
xgb,prediction_raw,month,8,155,976394.1761322486,740236.605548387,0.2577350963743238,-109069.93703225812
xgb_no_lag_residual_no_marketing,prediction_raw,month,8,155,1087107.8488719815,856596.0177805121,0.29622373923180967,-255536.55865469459
xgb_no_lag_residual,prediction_raw,month,8,155,1100812.175572755,867765.2656052453,0.29899432662277164,-275980.0195307845
xgb_no_lag_residual_legacy_lookup_mic,prediction_raw,month,8,155,1235378.075793421,971726.596144434,0.3226142457151146,-406521.73867083923
xgb_no_lag_residual_no_marketing,prediction_raw,month,9,150,781898.4203333216,561736.3474498978,0.20412001134267402,-221711.1217268706
xgb_no_lag_residual,prediction_raw,month,9,150,789643.0137159969,566804.6099564037,0.20511078119083537,-229452.44634157966
xgb_no_lag,prediction_raw,month,9,150,816586.5303687945,563574.7372000001,0.20802742249211004,-171797.97573333335
xgb,prediction_raw,month,9,150,846753.6378322181,615930.0101333334,0.24031139870602516,42166.185333333306
xgb_no_lag_residual_legacy_lookup_mic,prediction_raw,month,9,150,993771.7151398807,736569.2490667386,0.2628197675166706,-545132.1881459196
xgb_no_lag,prediction_raw,odd_year_q4_pressure_flag,0,1279,855047.0614577932,619407.9726896012,0.21803248554582907,-217856.4413995309
xgb,prediction_raw,odd_year_q4_pressure_flag,0,1279,880464.0110944055,642370.3224003128,0.23124858212611618,-205989.13304925725
xgb_no_lag_residual_no_marketing,prediction_raw,odd_year_q4_pressure_flag,0,1279,928990.1608188418,659956.3423590068,0.22080889343767499,-366590.6527076748
xgb_no_lag_residual,prediction_raw,odd_year_q4_pressure_flag,0,1279,933459.7491784436,664426.0245737137,0.22180201581509243,-377379.52526218526
xgb_no_lag_residual_legacy_lookup_mic,prediction_raw,odd_year_q4_pressure_flag,0,1279,1132790.4707985807,842685.9289481388,0.2758690165420838,-599717.1874572895
xgb_no_lag,prediction_raw,odd_year_q4_pressure_flag,1,184,556599.0114329207,423144.1334782609,0.23392971149199562,-173570.7722826087
xgb,prediction_raw,odd_year_q4_pressure_flag,1,184,579235.9426544873,442679.6219565217,0.26501126819148657,37137.18423913044
xgb_no_lag_residual,prediction_raw,odd_year_q4_pressure_flag,1,184,633716.5999523269,476820.01146037236,0.25227680280868314,-277045.8428039156
xgb_no_lag_residual_no_marketing,prediction_raw,odd_year_q4_pressure_flag,1,184,635806.6639396218,478222.96394356375,0.25379248103313223,-274817.0526774772
xgb_no_lag_residual_legacy_lookup_mic,prediction_raw,odd_year_q4_pressure_flag,1,184,869790.5987492548,669458.7449996473,0.34594816684581337,-521101.97126354586
xgb_no_lag,prediction_raw,post_tet_window,0,1421,825948.1875734583,596582.1333708656,0.2203227460600378,-210959.2875580577
xgb,prediction_raw,post_tet_window,0,1421,849777.8314352502,618684.7373821252,0.23584877459086265,-172156.42705137224
xgb_no_lag_residual_no_marketing,prediction_raw,post_tet_window,0,1421,899101.3384784539,638553.7443416887,0.22522357794692707,-352883.5836162398
xgb_no_lag_residual,prediction_raw,post_tet_window,0,1421,903217.4356810569,642380.708304225,0.22586307424371832,-362796.76381569885
xgb_no_lag_residual_legacy_lookup_mic,prediction_raw,post_tet_window,0,1421,1107173.4671921115,824630.2658472323,0.2854534981635377,-590271.0925972412
xgb_no_lag,prediction_raw,post_tet_window,1,42,735089.6847080304,531859.6692857142,0.21019032800783113,-257196.73880952375
xgb,prediction_raw,post_tet_window,1,42,803283.9204815108,568897.165952381,0.22352145697429238,-285537.5340476191
xgb_no_lag_residual,prediction_raw,post_tet_window,1,42,832272.79595434,588399.548528202,0.2179114629518374,-431205.8691463647
xgb_no_lag_residual_no_marketing,prediction_raw,post_tet_window,1,42,837734.008261218,587912.2984106138,0.21594492748331653,-428290.71874035744
xgb_no_lag_residual_legacy_lookup_mic,prediction_raw,post_tet_window,1,42,957735.1383373295,694669.1532306522,0.25860747539446965,-574900.5449925242
xgb_no_lag,prediction_raw,pre_tet_window,0,1400,832645.4633861254,601417.1495214285,0.22022516249393553,-215640.7170214286
xgb,prediction_raw,pre_tet_window,0,1400,857870.4983595719,624081.9957571429,0.23555723999983863,-178166.94285714286
xgb_no_lag_residual_no_marketing,prediction_raw,pre_tet_window,0,1400,907569.8568983944,645685.2117869012,0.22569577581706401,-358282.1312155227
xgb_no_lag_residual,prediction_raw,pre_tet_window,0,1400,911310.8791201802,649446.1729221432,0.22633265868913435,-368304.4630565327
xgb_no_lag_residual_legacy_lookup_mic,prediction_raw,pre_tet_window,0,1400,1116112.0975843356,832162.0819507289,0.2855077120451392,-595867.9323323839
xgb_no_lag,prediction_raw,pre_tet_window,1,63,583771.3084123868,445989.02063492057,0.2157363243830617,-137752.48920634922
xgb,prediction_raw,pre_tet_window,1,63,603146.5271060249,465553.94809523807,0.2341091093136828,-114176.8138095238
xgb_no_lag_residual_no_marketing,prediction_raw,pre_tet_window,1,63,630341.4949921763,446315.7260495814,0.20854452496814238,-283187.28260381
xgb_no_lag_residual,prediction_raw,pre_tet_window,1,63,638254.2851631814,449382.9436109158,0.21012679015099633,-286009.5175731673
xgb_no_lag_residual_legacy_lookup_mic,prediction_raw,pre_tet_window,1,63,760585.5380792774,570615.8329140333,0.2663513967263481,-455649.84452425764
xgb_no_lag,prediction_raw,promo_window_midyear,0,1125,804000.0677087513,570598.5457155557,0.2306115968831541,-219040.6838666667
xgb,prediction_raw,promo_window_midyear,0,1125,831407.2800158121,598934.7937955555,0.2502909742775196,-151620.6893511111
xgb_no_lag_residual_no_marketing,prediction_raw,promo_window_midyear,0,1125,856429.4199375641,607819.4856447731,0.2365471697481819,-335086.9282836348
xgb_no_lag_residual,prediction_raw,promo_window_midyear,0,1125,863352.9958356214,612435.5193659342,0.23742209861129393,-345899.7436923294
xgb_no_lag_residual_legacy_lookup_mic,prediction_raw,promo_window_midyear,0,1125,1023992.5892589187,761169.4357276511,0.2930730416937866,-535638.0322591932
xgb_no_lag,prediction_raw,promo_window_midyear,1,338,885232.9542372713,675023.5316568047,0.18481825276359246,-189806.63106508876
xgb,prediction_raw,promo_window_midyear,1,338,902976.9740684509,678233.8750591716,0.186247526107475,-254596.40162721893
xgb_no_lag_residual,prediction_raw,promo_window_midyear,1,338,1017300.1286146267,735342.6279639418,0.18640192013785564,-427537.3853029138
xgb_no_lag_residual_no_marketing,prediction_raw,promo_window_midyear,1,338,1021995.9705609165,734556.9996817032,0.18638113979342605,-421488.1307298302
xgb_no_lag_residual_legacy_lookup_mic,prediction_raw,promo_window_midyear,1,338,1333237.6696724235,1019704.4290266187,0.256756695122618,-770201.950233057
xgb_no_lag,prediction_raw,promo_window_q4,0,1003,917838.442154081,671371.560438684,0.2125494408265968,-229542.28879361917
xgb,prediction_raw,promo_window_q4,0,1003,948491.8948059418,698278.4952043869,0.22379450902468148,-247000.2963210369
xgb_no_lag_residual_no_marketing,prediction_raw,promo_window_q4,0,1003,1010215.6253445335,728653.929765901,0.2193334213569524,-399635.55052084115
xgb_no_lag_residual,prediction_raw,promo_window_q4,0,1003,1014413.4738034206,733101.3377213383,0.2202724226086067,-410817.87348081707
xgb_no_lag_residual_legacy_lookup_mic,prediction_raw,promo_window_q4,0,1003,1229018.9217244913,929635.6938246608,0.27504544795408914,-662600.192419785
xgb_no_lag,prediction_raw,promo_window_q4,1,460,565556.4207353351,427599.2228478261,0.2363467973447087,-174661.9456304348
xgb,prediction_raw,promo_window_q4,1,460,572753.123823794,440589.9176086957,0.2610067768147404,-19316.439260869553
xgb_no_lag_residual_no_marketing,prediction_raw,promo_window_q4,1,460,579712.9385400651,437472.3819295363,0.2372194991214334,-257828.96811601755
xgb_no_lag_residual,prediction_raw,promo_window_q4,1,460,582768.7724613802,439641.5778347518,0.23732710884319216,-264335.914749991
xgb_no_lag_residual_legacy_lookup_mic,prediction_raw,promo_window_q4,1,460,759597.4625666977,583806.7636923256,0.30569641425870314,-431158.80972461164
xgb_no_lag,prediction_raw,year_end_inventory_clearance_window,0,853,866097.725239251,629338.1689917936,0.21024855668643447,-254080.8590504103
xgb,prediction_raw,year_end_inventory_clearance_window,0,853,900340.2895558408,652956.7225556857,0.22514793317630996,-274826.3253927315
xgb_no_lag_residual_no_marketing,prediction_raw,year_end_inventory_clearance_window,0,853,968651.2722361117,682086.6787065957,0.21685420073588843,-443874.0476248817
xgb_no_lag_residual,prediction_raw,year_end_inventory_clearance_window,0,853,969084.2358477933,682987.9363772082,0.21637963986614456,-450740.22815793747
xgb_no_lag_residual_legacy_lookup_mic,prediction_raw,year_end_inventory_clearance_window,0,853,1190936.5151753428,886859.636339413,0.2779843441280947,-686671.3370510949
xgb_no_lag,prediction_raw,year_end_inventory_clearance_window,1,610,759886.427024819,546321.0811147541,0.23371245421985906,-153843.34078688527
xgb,prediction_raw,year_end_inventory_clearance_window,1,610,770122.8671060698,567332.1450000001,0.24996364407728475,-36393.44870491805
xgb_no_lag_residual_no_marketing,prediction_raw,year_end_inventory_clearance_window,1,610,787016.2875027469,574192.2136164907,0.2362881278510981,-230838.0653799142
xgb_no_lag_residual,prediction_raw,year_end_inventory_clearance_window,1,610,796790.4395713937,581880.4226372616,0.2385768477679993,-244530.21847136843
xgb_no_lag_residual_legacy_lookup_mic,prediction_raw,year_end_inventory_clearance_window,1,610,967164.4271679433,728663.0203394839,0.2940496546158853,-454410.483550462
