fold,train_end,Date,actual_revenue,prediction_raw
fold1_2020H2-2021,2020-06-30,2020-07-01,4785799.65,4.7527195e+06
fold1_2020H2-2021,2020-06-30,2020-07-02,4866951.38,4.75911e+06
fold1_2020H2-2021,2020-06-30,2020-07-03,3696972.88,1.071823e+06
fold1_2020H2-2021,2020-06-30,2020-07-04,706367.78,1.2171818e+06
fold1_2020H2-2021,2020-06-30,2020-07-05,1406074.5,1.3611705e+06
fold1_2020H2-2021,2020-06-30,2020-07-06,2077312.99,1.6348461e+06
fold1_2020H2-2021,2020-06-30,2020-07-07,2024009.16,2.050402e+06
fold1_2020H2-2021,2020-06-30,2020-07-08,1848400.71,2.2523085e+06
fold1_2020H2-2021,2020-06-30,2020-07-09,2881762.16,2.681333e+06
fold1_2020H2-2021,2020-06-30,2020-07-10,2456330.77,2.8882698e+06
fold1_2020H2-2021,2020-06-30,2020-07-11,2777782.43,2.0852888e+06
fold1_2020H2-2021,2020-06-30,2020-07-12,2353469.99,1.9931524e+06
fold1_2020H2-2021,2020-06-30,2020-07-13,2674159.75,2.3728598e+06
fold1_2020H2-2021,2020-06-30,2020-07-14,2241406.69,2.7173648e+06
fold1_2020H2-2021,2020-06-30,2020-07-15,2628917.79,2.970856e+06
fold1_2020H2-2021,2020-06-30,2020-07-16,3496916.1,3.660602e+06
fold1_2020H2-2021,2020-06-30,2020-07-17,2963494.21,3.1764395e+06
fold1_2020H2-2021,2020-06-30,2020-07-18,2167217.41,2.2630438e+06
fold1_2020H2-2021,2020-06-30,2020-07-19,2598183.41,3.1750525e+06
fold1_2020H2-2021,2020-06-30,2020-07-20,2378509.49,2.647798e+06
fold1_2020H2-2021,2020-06-30,2020-07-21,3060145.15,3.2201472e+06
fold1_2020H2-2021,2020-06-30,2020-07-22,3102912.51,3.41539e+06
fold1_2020H2-2021,2020-06-30,2020-07-23,3882974.91,4.2139945e+06
fold1_2020H2-2021,2020-06-30,2020-07-24,3897982.79,3.5949215e+06
fold1_2020H2-2021,2020-06-30,2020-07-25,2726776.18,2.6700162e+06
fold1_2020H2-2021,2020-06-30,2020-07-26,2852671.37,2.321277e+06
fold1_2020H2-2021,2020-06-30,2020-07-27,2831486.13,3.1112042e+06
fold1_2020H2-2021,2020-06-30,2020-07-28,2395619.59,3.1232262e+06
fold1_2020H2-2021,2020-06-30,2020-07-29,3158908.2,3.4089015e+06
fold1_2020H2-2021,2020-06-30,2020-07-30,4151632.35,5.8721955e+06
fold1_2020H2-2021,2020-06-30,2020-07-31,5610491.95,4.448158e+06
fold1_2020H2-2021,2020-06-30,2020-08-01,6132541.37,5.053611e+06
fold1_2020H2-2021,2020-06-30,2020-08-02,5345584.67,3.5020402e+06
fold1_2020H2-2021,2020-06-30,2020-08-03,4397713.48,3.4455995e+06
fold1_2020H2-2021,2020-06-30,2020-08-04,3298352.62,1.2670951e+06
fold1_2020H2-2021,2020-06-30,2020-08-05,2223462.81,1.9603922e+06
fold1_2020H2-2021,2020-06-30,2020-08-06,2991469.99,2.6519198e+06
fold1_2020H2-2021,2020-06-30,2020-08-07,3277756.91,1.8423821e+06
fold1_2020H2-2021,2020-06-30,2020-08-08,2449651.51,1.112504e+06
fold1_2020H2-2021,2020-06-30,2020-08-09,2935305.67,1.4808178e+06
fold1_2020H2-2021,2020-06-30,2020-08-10,2914723.92,2.2875438e+06
fold1_2020H2-2021,2020-06-30,2020-08-11,2533038.45,1.8091405e+06
fold1_2020H2-2021,2020-06-30,2020-08-12,4245177.97,1.6034899e+06
fold1_2020H2-2021,2020-06-30,2020-08-13,3438121.83,3.483058e+06
fold1_2020H2-2021,2020-06-30,2020-08-14,3685522.51,2.6489952e+06
fold1_2020H2-2021,2020-06-30,2020-08-15,2556409.43,1.7491231e+06
fold1_2020H2-2021,2020-06-30,2020-08-16,2596444.46,2.0543638e+06
fold1_2020H2-2021,2020-06-30,2020-08-17,3646382.12,1.9497272e+06
fold1_2020H2-2021,2020-06-30,2020-08-18,3240488.83,2.4375332e+06
fold1_2020H2-2021,2020-06-30,2020-08-19,3279887.27,2.6216515e+06
fold1_2020H2-2021,2020-06-30,2020-08-20,3569013.59,3.2586802e+06
fold1_2020H2-2021,2020-06-30,2020-08-21,3939388.46,3.1077498e+06
fold1_2020H2-2021,2020-06-30,2020-08-22,2465099.71,1.6860711e+06
fold1_2020H2-2021,2020-06-30,2020-08-23,2832425.22,1.7363559e+06
fold1_2020H2-2021,2020-06-30,2020-08-24,3217603.07,2.2905758e+06
fold1_2020H2-2021,2020-06-30,2020-08-25,2428315.18,1.7215065e+06
fold1_2020H2-2021,2020-06-30,2020-08-26,3194953.82,2.8614865e+06
fold1_2020H2-2021,2020-06-30,2020-08-27,4445347.68,5.5561895e+06
fold1_2020H2-2021,2020-06-30,2020-08-28,7296538.72,5.2824645e+06
fold1_2020H2-2021,2020-06-30,2020-08-29,7517051.79,5.3886345e+06
fold1_2020H2-2021,2020-06-30,2020-08-30,8480394.59,5.322509e+06
fold1_2020H2-2021,2020-06-30,2020-08-31,7490849.71,5.2643845e+06
fold1_2020H2-2021,2020-06-30,2020-09-01,6047477.92,1.4932746e+06
fold1_2020H2-2021,2020-06-30,2020-09-02,1434923.77,973972.06
fold1_2020H2-2021,2020-06-30,2020-09-03,1557705.54,654997.94
fold1_2020H2-2021,2020-06-30,2020-09-04,1425115.38,1.4036142e+06
fold1_2020H2-2021,2020-06-30,2020-09-05,1581867.47,1.6171439e+06
fold1_2020H2-2021,2020-06-30,2020-09-06,2654105.11,1.7373942e+06
fold1_2020H2-2021,2020-06-30,2020-09-07,2479133.84,2.4215902e+06
fold1_2020H2-2021,2020-06-30,2020-09-08,2542645.13,2.551988e+06
fold1_2020H2-2021,2020-06-30,2020-09-09,1979410.07,1.7334471e+06
fold1_2020H2-2021,2020-06-30,2020-09-10,3146008.14,1.8861214e+06
fold1_2020H2-2021,2020-06-30,2020-09-11,1990335.39,1.8076141e+06
fold1_2020H2-2021,2020-06-30,2020-09-12,2806228.3,2.198326e+06
fold1_2020H2-2021,2020-06-30,2020-09-13,2240095.92,2.332152e+06
fold1_2020H2-2021,2020-06-30,2020-09-14,2832905.03,2.4641058e+06
fold1_2020H2-2021,2020-06-30,2020-09-15,2914536.51,2.675555e+06
fold1_2020H2-2021,2020-06-30,2020-09-16,1994638.41,1.8156705e+06
fold1_2020H2-2021,2020-06-30,2020-09-17,1827659.24,1.7315222e+06
fold1_2020H2-2021,2020-06-30,2020-09-18,2600220.08,2.1906932e+06
fold1_2020H2-2021,2020-06-30,2020-09-19,1806587.98,1.609333e+06
fold1_2020H2-2021,2020-06-30,2020-09-20,2334885.81,3.3754192e+06
fold1_2020H2-2021,2020-06-30,2020-09-21,3082015.84,2.9900365e+06
fold1_2020H2-2021,2020-06-30,2020-09-22,2827707.7,2.5054795e+06
fold1_2020H2-2021,2020-06-30,2020-09-23,2254030.17,2.4864012e+06
fold1_2020H2-2021,2020-06-30,2020-09-24,2021614.99,2.3021478e+06
fold1_2020H2-2021,2020-06-30,2020-09-25,2587034.31,2.6256725e+06
fold1_2020H2-2021,2020-06-30,2020-09-26,2219447.23,3.704713e+06
fold1_2020H2-2021,2020-06-30,2020-09-27,3907778.93,3.748322e+06
fold1_2020H2-2021,2020-06-30,2020-09-28,4681424.38,4.092231e+06
fold1_2020H2-2021,2020-06-30,2020-09-29,3862957.51,3.3706585e+06
fold1_2020H2-2021,2020-06-30,2020-09-30,3185317.6,2.904329e+06
fold1_2020H2-2021,2020-06-30,2020-10-01,2053948.94,1.0746489e+06
fold1_2020H2-2021,2020-06-30,2020-10-02,844947.12,813573.8
fold1_2020H2-2021,2020-06-30,2020-10-03,1819620.17,1.4813022e+06
fold1_2020H2-2021,2020-06-30,2020-10-04,1305849.84,1.5888886e+06
fold1_2020H2-2021,2020-06-30,2020-10-05,1476045.28,2.0944249e+06
fold1_2020H2-2021,2020-06-30,2020-10-06,2225510.95,1.5508125e+06
fold1_2020H2-2021,2020-06-30,2020-10-07,2084609.48,1.1868968e+06
fold1_2020H2-2021,2020-06-30,2020-10-08,1798621.9,994322.0
fold1_2020H2-2021,2020-06-30,2020-10-09,1682037.65,1.1420142e+06
fold1_2020H2-2021,2020-06-30,2020-10-10,2023437.43,1.6393584e+06
fold1_2020H2-2021,2020-06-30,2020-10-11,1446988.51,1.4308436e+06
fold1_2020H2-2021,2020-06-30,2020-10-12,1856496.7,1.8830339e+06
fold1_2020H2-2021,2020-06-30,2020-10-13,3071390.97,1.4986204e+06
fold1_2020H2-2021,2020-06-30,2020-10-14,2627129.58,1.6296905e+06
fold1_2020H2-2021,2020-06-30,2020-10-15,1826480.99,1.053796e+06
fold1_2020H2-2021,2020-06-30,2020-10-16,2213689.11,1.00109556e+06
fold1_2020H2-2021,2020-06-30,2020-10-17,2024181.52,1.3587569e+06
fold1_2020H2-2021,2020-06-30,2020-10-18,2416150.55,2.3803142e+06
fold1_2020H2-2021,2020-06-30,2020-10-19,1798941.77,2.5445515e+06
fold1_2020H2-2021,2020-06-30,2020-10-20,2361849.87,2.1183535e+06
fold1_2020H2-2021,2020-06-30,2020-10-21,2168284.88,1.8005945e+06
fold1_2020H2-2021,2020-06-30,2020-10-22,2384359.77,1.3788556e+06
fold1_2020H2-2021,2020-06-30,2020-10-23,1313373.58,1.5710081e+06
fold1_2020H2-2021,2020-06-30,2020-10-24,2435210.66,2.4542395e+06
fold1_2020H2-2021,2020-06-30,2020-10-25,2045855.5,2.1957612e+06
fold1_2020H2-2021,2020-06-30,2020-10-26,2383306.02,2.5404005e+06
fold1_2020H2-2021,2020-06-30,2020-10-27,3242319.66,3.3034725e+06
fold1_2020H2-2021,2020-06-30,2020-10-28,4138715.4,3.4893218e+06
fold1_2020H2-2021,2020-06-30,2020-10-29,3361148.04,3.352881e+06
fold1_2020H2-2021,2020-06-30,2020-10-30,2606337.42,2.9992895e+06
fold1_2020H2-2021,2020-06-30,2020-10-31,3099623.67,1.9229129e+06
fold1_2020H2-2021,2020-06-30,2020-11-01,2000351.9,1.4921616e+06
fold1_2020H2-2021,2020-06-30,2020-11-02,1609265.54,970791.2
fold1_2020H2-2021,2020-06-30,2020-11-03,1148970.3,826040.56
fold1_2020H2-2021,2020-06-30,2020-11-04,1475675.48,1.2092066e+06
fold1_2020H2-2021,2020-06-30,2020-11-05,1340308.97,871806.56
fold1_2020H2-2021,2020-06-30,2020-11-06,717152.89,1.4936694e+06
fold1_2020H2-2021,2020-06-30,2020-11-07,1261006.58,980817.44
fold1_2020H2-2021,2020-06-30,2020-11-08,1462906.75,2.0325279e+06
fold1_2020H2-2021,2020-06-30,2020-11-09,1841341.67,2.521352e+06
fold1_2020H2-2021,2020-06-30,2020-11-10,1423817.05,1.5627074e+06
fold1_2020H2-2021,2020-06-30,2020-11-11,1850484.56,1.5733231e+06
fold1_2020H2-2021,2020-06-30,2020-11-12,1742209.81,1.7040388e+06
fold1_2020H2-2021,2020-06-30,2020-11-13,1874908.56,1.8050078e+06
fold1_2020H2-2021,2020-06-30,2020-11-14,1505407.33,1.6894674e+06
fold1_2020H2-2021,2020-06-30,2020-11-15,1822943.34,1.760834e+06
fold1_2020H2-2021,2020-06-30,2020-11-16,1677772.33,2.181422e+06
fold1_2020H2-2021,2020-06-30,2020-11-17,1698265.63,1.5803609e+06
fold1_2020H2-2021,2020-06-30,2020-11-18,1708292.62,934275.06
fold1_2020H2-2021,2020-06-30,2020-11-19,1389140.38,959086.9
fold1_2020H2-2021,2020-06-30,2020-11-20,1761075.99,1.3368981e+06
fold1_2020H2-2021,2020-06-30,2020-11-21,1277317.49,1.335299e+06
fold1_2020H2-2021,2020-06-30,2020-11-22,1402812.95,1.02997206e+06
fold1_2020H2-2021,2020-06-30,2020-11-23,1254495.47,1.2749801e+06
fold1_2020H2-2021,2020-06-30,2020-11-24,1234768.03,1.3736044e+06
fold1_2020H2-2021,2020-06-30,2020-11-25,1016787.85,1.3678801e+06
fold1_2020H2-2021,2020-06-30,2020-11-26,1003033.14,1.4713721e+06
fold1_2020H2-2021,2020-06-30,2020-11-27,2064673.72,1.9124392e+06
fold1_2020H2-2021,2020-06-30,2020-11-28,2102733.52,1.4889858e+06
fold1_2020H2-2021,2020-06-30,2020-11-29,1696662.48,1.5317484e+06
fold1_2020H2-2021,2020-06-30,2020-11-30,1376299.12,1.4208084e+06
fold1_2020H2-2021,2020-06-30,2020-12-01,1160032.88,925040.44
fold1_2020H2-2021,2020-06-30,2020-12-02,370653.23,711824.7
fold1_2020H2-2021,2020-06-30,2020-12-03,528608.48,623219.6
fold1_2020H2-2021,2020-06-30,2020-12-04,645703.05,729012.3
fold1_2020H2-2021,2020-06-30,2020-12-05,653591.96,837757.56
fold1_2020H2-2021,2020-06-30,2020-12-06,755648.75,901050.94
fold1_2020H2-2021,2020-06-30,2020-12-07,832522.38,1.0496615e+06
fold1_2020H2-2021,2020-06-30,2020-12-08,1297656.34,1.130723e+06
fold1_2020H2-2021,2020-06-30,2020-12-09,1154833.63,885439.2
fold1_2020H2-2021,2020-06-30,2020-12-10,696601.42,917596.6
fold1_2020H2-2021,2020-06-30,2020-12-11,708701.4,928877.9
fold1_2020H2-2021,2020-06-30,2020-12-12,1122552.93,1.1727144e+06
fold1_2020H2-2021,2020-06-30,2020-12-13,937152.62,1.126766e+06
fold1_2020H2-2021,2020-06-30,2020-12-14,1601200.69,1.1880428e+06
fold1_2020H2-2021,2020-06-30,2020-12-15,1355809.66,1.8107338e+06
fold1_2020H2-2021,2020-06-30,2020-12-16,1368150.26,1.3352888e+06
fold1_2020H2-2021,2020-06-30,2020-12-17,1104685.57,970903.3
fold1_2020H2-2021,2020-06-30,2020-12-18,1251306.12,1.4950146e+06
fold1_2020H2-2021,2020-06-30,2020-12-19,1648432.09,1.4603158e+06
fold1_2020H2-2021,2020-06-30,2020-12-20,1777867.4,1.5927952e+06
fold1_2020H2-2021,2020-06-30,2020-12-21,2040125.86,1.7728056e+06
fold1_2020H2-2021,2020-06-30,2020-12-22,2050706.5,1.1896459e+06
fold1_2020H2-2021,2020-06-30,2020-12-23,1964805.24,1.2005371e+06
fold1_2020H2-2021,2020-06-30,2020-12-24,1223063.47,881224.6
fold1_2020H2-2021,2020-06-30,2020-12-25,1200258.49,1.0424818e+06
fold1_2020H2-2021,2020-06-30,2020-12-26,1099988.0,1.6694931e+06
fold1_2020H2-2021,2020-06-30,2020-12-27,1517374.4,3.3112568e+06
fold1_2020H2-2021,2020-06-30,2020-12-28,3627797.75,3.2709415e+06
fold1_2020H2-2021,2020-06-30,2020-12-29,2940732.69,3.2721142e+06
fold1_2020H2-2021,2020-06-30,2020-12-30,2881135.64,2.6485888e+06
fold1_2020H2-2021,2020-06-30,2020-12-31,2153864.87,3.542787e+06
fold1_2020H2-2021,2020-06-30,2021-01-01,1553431.51,2.1136155e+06
fold1_2020H2-2021,2020-06-30,2021-01-02,378420.41,750849.2
fold1_2020H2-2021,2020-06-30,2021-01-03,677894.56,907993.3
fold1_2020H2-2021,2020-06-30,2021-01-04,819877.04,844630.94
fold1_2020H2-2021,2020-06-30,2021-01-05,1174326.91,988196.25
fold1_2020H2-2021,2020-06-30,2021-01-06,1114251.05,778088.2
fold1_2020H2-2021,2020-06-30,2021-01-07,837846.02,769097.3
fold1_2020H2-2021,2020-06-30,2021-01-08,1023293.14,942499.2
fold1_2020H2-2021,2020-06-30,2021-01-09,853729.27,994968.8
fold1_2020H2-2021,2020-06-30,2021-01-10,1180728.66,1.0513406e+06
fold1_2020H2-2021,2020-06-30,2021-01-11,1515387.6,1.6301444e+06
fold1_2020H2-2021,2020-06-30,2021-01-12,1062807.64,1.3660929e+06
fold1_2020H2-2021,2020-06-30,2021-01-13,1070756.5,1.9218569e+06
fold1_2020H2-2021,2020-06-30,2021-01-14,764427.24,1.3727572e+06
fold1_2020H2-2021,2020-06-30,2021-01-15,977003.78,1.1693384e+06
fold1_2020H2-2021,2020-06-30,2021-01-16,1185774.61,1.1491134e+06
fold1_2020H2-2021,2020-06-30,2021-01-17,1224098.2,1.8161415e+06
fold1_2020H2-2021,2020-06-30,2021-01-18,2502006.18,1.4994625e+06
fold1_2020H2-2021,2020-06-30,2021-01-19,2011018.39,1.2937239e+06
fold1_2020H2-2021,2020-06-30,2021-01-20,1595354.2,1.7293882e+06
fold1_2020H2-2021,2020-06-30,2021-01-21,1698207.91,1.3807926e+06
fold1_2020H2-2021,2020-06-30,2021-01-22,1620041.5,1.4672972e+06
fold1_2020H2-2021,2020-06-30,2021-01-23,1744298.27,1.1376835e+06
fold1_2020H2-2021,2020-06-30,2021-01-24,1862707.42,1.8883678e+06
fold1_2020H2-2021,2020-06-30,2021-01-25,2346216.5,1.7130442e+06
fold1_2020H2-2021,2020-06-30,2021-01-26,2993616.58,2.0230441e+06
fold1_2020H2-2021,2020-06-30,2021-01-27,2258351.94,2.9025925e+06
fold1_2020H2-2021,2020-06-30,2021-01-28,2405871.45,2.955289e+06
fold1_2020H2-2021,2020-06-30,2021-01-29,2246568.53,2.9202098e+06
fold1_2020H2-2021,2020-06-30,2021-01-30,2167603.39,2.6927235e+06
fold1_2020H2-2021,2020-06-30,2021-01-31,1607178.02,2.3082878e+06
fold1_2020H2-2021,2020-06-30,2021-02-01,1551374.11,2.1762318e+06
fold1_2020H2-2021,2020-06-30,2021-02-02,958876.9,1.1000989e+06
fold1_2020H2-2021,2020-06-30,2021-02-03,1095535.11,1.2659791e+06
fold1_2020H2-2021,2020-06-30,2021-02-04,1345207.17,929602.0
fold1_2020H2-2021,2020-06-30,2021-02-05,1749418.05,1.4012281e+06
fold1_2020H2-2021,2020-06-30,2021-02-06,1240787.91,1.4541289e+06
fold1_2020H2-2021,2020-06-30,2021-02-07,1814367.53,1.5592314e+06
fold1_2020H2-2021,2020-06-30,2021-02-08,1325809.68,1.913158e+06
fold1_2020H2-2021,2020-06-30,2021-02-09,1448124.96,1.6392801e+06
fold1_2020H2-2021,2020-06-30,2021-02-10,1851743.73,2.0832276e+06
fold1_2020H2-2021,2020-06-30,2021-02-11,1689417.95,1.6962592e+06
fold1_2020H2-2021,2020-06-30,2021-02-12,1983824.96,1.6096306e+06
fold1_2020H2-2021,2020-06-30,2021-02-13,1986462.63,1.7944831e+06
fold1_2020H2-2021,2020-06-30,2021-02-14,2942830.48,2.4705272e+06
fold1_2020H2-2021,2020-06-30,2021-02-15,3142099.08,2.274292e+06
fold1_2020H2-2021,2020-06-30,2021-02-16,1874868.49,2.1741012e+06
fold1_2020H2-2021,2020-06-30,2021-02-17,2468895.03,2.6865802e+06
fold1_2020H2-2021,2020-06-30,2021-02-18,1729200.62,2.4908155e+06
fold1_2020H2-2021,2020-06-30,2021-02-19,2485137.46,1.8457446e+06
fold1_2020H2-2021,2020-06-30,2021-02-20,2510521.11,2.213635e+06
fold1_2020H2-2021,2020-06-30,2021-02-21,2673937.37,2.3896648e+06
fold1_2020H2-2021,2020-06-30,2021-02-22,3295922.4,2.8697232e+06
fold1_2020H2-2021,2020-06-30,2021-02-23,4952064.84,2.8783982e+06
fold1_2020H2-2021,2020-06-30,2021-02-24,2880648.13,4.2393565e+06
fold1_2020H2-2021,2020-06-30,2021-02-25,5675843.97,4.0966198e+06
fold1_2020H2-2021,2020-06-30,2021-02-26,3813868.44,3.7308542e+06
fold1_2020H2-2021,2020-06-30,2021-02-27,3241854.71,2.9341062e+06
fold1_2020H2-2021,2020-06-30,2021-02-28,2348995.75,2.37408e+06
fold1_2020H2-2021,2020-06-30,2021-03-01,1942260.67,940056.7
fold1_2020H2-2021,2020-06-30,2021-03-02,679248.37,364770.97
fold1_2020H2-2021,2020-06-30,2021-03-03,1202803.22,536315.7
fold1_2020H2-2021,2020-06-30,2021-03-04,2188811.67,801200.4
fold1_2020H2-2021,2020-06-30,2021-03-05,1350969.16,1.4638771e+06
fold1_2020H2-2021,2020-06-30,2021-03-06,1702498.76,1.83302e+06
fold1_2020H2-2021,2020-06-30,2021-03-07,2475099.15,1.5849704e+06
fold1_2020H2-2021,2020-06-30,2021-03-08,2765984.78,1.9787188e+06
fold1_2020H2-2021,2020-06-30,2021-03-09,2910840.37,2.2858408e+06
fold1_2020H2-2021,2020-06-30,2021-03-10,2793536.43,2.721696e+06
fold1_2020H2-2021,2020-06-30,2021-03-11,4291688.17,2.2169478e+06
fold1_2020H2-2021,2020-06-30,2021-03-12,4134860.06,3.2759458e+06
fold1_2020H2-2021,2020-06-30,2021-03-13,2417371.88,3.9900838e+06
fold1_2020H2-2021,2020-06-30,2021-03-14,2889680.59,3.399208e+06
fold1_2020H2-2021,2020-06-30,2021-03-15,3654509.31,3.2015205e+06
fold1_2020H2-2021,2020-06-30,2021-03-16,4008350.11,2.585389e+06
fold1_2020H2-2021,2020-06-30,2021-03-17,4400411.89,3.7002535e+06
fold1_2020H2-2021,2020-06-30,2021-03-18,5516765.31,3.6402468e+06
fold1_2020H2-2021,2020-06-30,2021-03-19,3614457.51,3.81942e+06
fold1_2020H2-2021,2020-06-30,2021-03-20,3232018.55,3.991979e+06
fold1_2020H2-2021,2020-06-30,2021-03-21,2822145.24,3.8928535e+06
fold1_2020H2-2021,2020-06-30,2021-03-22,3923103.49,3.402039e+06
fold1_2020H2-2021,2020-06-30,2021-03-23,4222620.69,3.1578068e+06
fold1_2020H2-2021,2020-06-30,2021-03-24,4003647.57,4.1365808e+06
fold1_2020H2-2021,2020-06-30,2021-03-25,4847687.37,3.7714645e+06
fold1_2020H2-2021,2020-06-30,2021-03-26,4034615.27,4.6428575e+06
fold1_2020H2-2021,2020-06-30,2021-03-27,3612774.77,4.6919445e+06
fold1_2020H2-2021,2020-06-30,2021-03-28,3528929.89,4.277976e+06
fold1_2020H2-2021,2020-06-30,2021-03-29,4090090.6,4.0730202e+06
fold1_2020H2-2021,2020-06-30,2021-03-30,10795905.35,6.844386e+06
fold1_2020H2-2021,2020-06-30,2021-03-31,9220320.43,8.1650295e+06
fold1_2020H2-2021,2020-06-30,2021-04-01,9027075.84,7.3123945e+06
fold1_2020H2-2021,2020-06-30,2021-04-02,7866035.23,7.277339e+06
fold1_2020H2-2021,2020-06-30,2021-04-03,7594752.42,7.4525455e+06
fold1_2020H2-2021,2020-06-30,2021-04-04,1720555.46,2.691799e+06
fold1_2020H2-2021,2020-06-30,2021-04-05,2665962.66,1.9353865e+06
fold1_2020H2-2021,2020-06-30,2021-04-06,2627509.32,1.9993568e+06
fold1_2020H2-2021,2020-06-30,2021-04-07,3504391.02,2.0805175e+06
fold1_2020H2-2021,2020-06-30,2021-04-08,3026850.22,2.4686995e+06
fold1_2020H2-2021,2020-06-30,2021-04-09,3110153.27,3.1970292e+06
fold1_2020H2-2021,2020-06-30,2021-04-10,2505766.01,2.9593925e+06
fold1_2020H2-2021,2020-06-30,2021-04-11,2755337.37,2.8670535e+06
fold1_2020H2-2021,2020-06-30,2021-04-12,3206411.87,3.3116328e+06
fold1_2020H2-2021,2020-06-30,2021-04-13,3231903.43,3.0504432e+06
fold1_2020H2-2021,2020-06-30,2021-04-14,5218947.03,3.9813298e+06
fold1_2020H2-2021,2020-06-30,2021-04-15,4270735.63,3.365548e+06
fold1_2020H2-2021,2020-06-30,2021-04-16,3735241.12,4.262094e+06
fold1_2020H2-2021,2020-06-30,2021-04-17,3800876.52,4.2437495e+06
fold1_2020H2-2021,2020-06-30,2021-04-18,4448113.81,3.9215678e+06
fold1_2020H2-2021,2020-06-30,2021-04-19,3468512.12,3.5332382e+06
fold1_2020H2-2021,2020-06-30,2021-04-20,4030055.78,4.1413572e+06
fold1_2020H2-2021,2020-06-30,2021-04-21,5244905.44,4.0893752e+06
fold1_2020H2-2021,2020-06-30,2021-04-22,4635126.49,4.0264015e+06
fold1_2020H2-2021,2020-06-30,2021-04-23,2503702.41,4.8244065e+06
fold1_2020H2-2021,2020-06-30,2021-04-24,3966260.92,4.595563e+06
fold1_2020H2-2021,2020-06-30,2021-04-25,4545990.29,3.8476105e+06
fold1_2020H2-2021,2020-06-30,2021-04-26,4718077.11,3.951771e+06
fold1_2020H2-2021,2020-06-30,2021-04-27,5303542.87,4.4140345e+06
fold1_2020H2-2021,2020-06-30,2021-04-28,5606431.49,5.7557945e+06
fold1_2020H2-2021,2020-06-30,2021-04-29,9535515.05,7.182458e+06
fold1_2020H2-2021,2020-06-30,2021-04-30,6962149.33,6.896804e+06
fold1_2020H2-2021,2020-06-30,2021-05-01,6555221.49,7.0365415e+06
fold1_2020H2-2021,2020-06-30,2021-05-02,5301495.07,6.2600225e+06
fold1_2020H2-2021,2020-06-30,2021-05-03,3778243.02,4.6989705e+06
fold1_2020H2-2021,2020-06-30,2021-05-04,1930133.97,2.1512655e+06
fold1_2020H2-2021,2020-06-30,2021-05-05,2491751.76,2.1471312e+06
fold1_2020H2-2021,2020-06-30,2021-05-06,3090364.98,2.5315755e+06
fold1_2020H2-2021,2020-06-30,2021-05-07,3099539.75,2.7085318e+06
fold1_2020H2-2021,2020-06-30,2021-05-08,2448108.31,2.8270328e+06
fold1_2020H2-2021,2020-06-30,2021-05-09,3801718.87,3.118955e+06
fold1_2020H2-2021,2020-06-30,2021-05-10,3546216.71,2.69009e+06
fold1_2020H2-2021,2020-06-30,2021-05-11,3323078.36,3.1273125e+06
fold1_2020H2-2021,2020-06-30,2021-05-12,4782841.68,3.3227585e+06
fold1_2020H2-2021,2020-06-30,2021-05-13,5666923.8,4.108514e+06
fold1_2020H2-2021,2020-06-30,2021-05-14,5250104.11,4.013149e+06
fold1_2020H2-2021,2020-06-30,2021-05-15,3858160.76,4.1014398e+06
fold1_2020H2-2021,2020-06-30,2021-05-16,3981359.06,4.461068e+06
fold1_2020H2-2021,2020-06-30,2021-05-17,4684806.7,3.9355572e+06
fold1_2020H2-2021,2020-06-30,2021-05-18,3549112.31,3.461831e+06
fold1_2020H2-2021,2020-06-30,2021-05-19,4795038.58,3.2749835e+06
fold1_2020H2-2021,2020-06-30,2021-05-20,5057797.75,4.1688375e+06
fold1_2020H2-2021,2020-06-30,2021-05-21,5434543.62,4.0016222e+06
fold1_2020H2-2021,2020-06-30,2021-05-22,4310539.38,4.3453235e+06
fold1_2020H2-2021,2020-06-30,2021-05-23,3846392.54,4.6031955e+06
fold1_2020H2-2021,2020-06-30,2021-05-24,3987573.28,3.9173815e+06
fold1_2020H2-2021,2020-06-30,2021-05-25,3822459.48,3.2934375e+06
fold1_2020H2-2021,2020-06-30,2021-05-26,4915453.17,4.0559535e+06
fold1_2020H2-2021,2020-06-30,2021-05-27,7320510.07,4.1790002e+06
fold1_2020H2-2021,2020-06-30,2021-05-28,6925957.27,4.372418e+06
fold1_2020H2-2021,2020-06-30,2021-05-29,4630943.52,5.3367665e+06
fold1_2020H2-2021,2020-06-30,2021-05-30,8887935.6,6.757212e+06
fold1_2020H2-2021,2020-06-30,2021-05-31,7996369.9,7.2145595e+06
fold1_2020H2-2021,2020-06-30,2021-06-01,7479521.04,7.194044e+06
fold1_2020H2-2021,2020-06-30,2021-06-02,6960798.21,7.4580915e+06
fold1_2020H2-2021,2020-06-30,2021-06-03,6367799.03,5.572019e+06
fold1_2020H2-2021,2020-06-30,2021-06-04,2524112.16,3.0458212e+06
fold1_2020H2-2021,2020-06-30,2021-06-05,2884765.01,2.708018e+06
fold1_2020H2-2021,2020-06-30,2021-06-06,3795966.84,2.799207e+06
fold1_2020H2-2021,2020-06-30,2021-06-07,3757477.99,2.6480935e+06
fold1_2020H2-2021,2020-06-30,2021-06-08,3948452.32,2.7416592e+06
fold1_2020H2-2021,2020-06-30,2021-06-09,3733884.76,3.333849e+06
fold1_2020H2-2021,2020-06-30,2021-06-10,3994102.54,3.530298e+06
fold1_2020H2-2021,2020-06-30,2021-06-11,3221511.31,3.6214968e+06
fold1_2020H2-2021,2020-06-30,2021-06-12,3618435.07,3.8229695e+06
fold1_2020H2-2021,2020-06-30,2021-06-13,3349171.43,3.0691595e+06
fold1_2020H2-2021,2020-06-30,2021-06-14,4007931.92,3.2050612e+06
fold1_2020H2-2021,2020-06-30,2021-06-15,4162142.95,3.82557e+06
fold1_2020H2-2021,2020-06-30,2021-06-16,4740156.23,4.0683152e+06
fold1_2020H2-2021,2020-06-30,2021-06-17,5807751.43,3.8582522e+06
fold1_2020H2-2021,2020-06-30,2021-06-18,4316861.14,4.449515e+06
fold1_2020H2-2021,2020-06-30,2021-06-19,3596996.21,4.445787e+06
fold1_2020H2-2021,2020-06-30,2021-06-20,3113780.62,3.496197e+06
fold1_2020H2-2021,2020-06-30,2021-06-21,3454322.45,3.2159335e+06
fold1_2020H2-2021,2020-06-30,2021-06-22,3814525.81,3.8777288e+06
fold1_2020H2-2021,2020-06-30,2021-06-23,5129834.24,3.5821358e+06
fold1_2020H2-2021,2020-06-30,2021-06-24,5015283.26,3.6921812e+06
fold1_2020H2-2021,2020-06-30,2021-06-25,3255836.16,4.7876985e+06
fold1_2020H2-2021,2020-06-30,2021-06-26,3202321.56,4.481365e+06
fold1_2020H2-2021,2020-06-30,2021-06-27,3938214.81,3.316914e+06
fold1_2020H2-2021,2020-06-30,2021-06-28,4255543.96,3.6398408e+06
fold1_2020H2-2021,2020-06-30,2021-06-29,5907160.01,5.876262e+06
fold1_2020H2-2021,2020-06-30,2021-06-30,5094915.79,5.5748355e+06
fold1_2020H2-2021,2020-06-30,2021-07-01,4975867.15,5.390274e+06
fold1_2020H2-2021,2020-06-30,2021-07-02,4397949.68,4.2246495e+06
fold1_2020H2-2021,2020-06-30,2021-07-03,3132513.38,4.243871e+06
fold1_2020H2-2021,2020-06-30,2021-07-04,730601.15,1.1699798e+06
fold1_2020H2-2021,2020-06-30,2021-07-05,1878817.85,1.2658414e+06
fold1_2020H2-2021,2020-06-30,2021-07-06,1616214.16,1.1541566e+06
fold1_2020H2-2021,2020-06-30,2021-07-07,1741509.6,1.7553161e+06
fold1_2020H2-2021,2020-06-30,2021-07-08,2563149.38,2.0721691e+06
fold1_2020H2-2021,2020-06-30,2021-07-09,2685812.87,2.1144722e+06
fold1_2020H2-2021,2020-06-30,2021-07-10,2524108.8,2.251284e+06
fold1_2020H2-2021,2020-06-30,2021-07-11,2592712.85,2.92148e+06
fold1_2020H2-2021,2020-06-30,2021-07-12,3123873.5,2.1760738e+06
fold1_2020H2-2021,2020-06-30,2021-07-13,2650746.43,1.8329396e+06
fold1_2020H2-2021,2020-06-30,2021-07-14,2970833.54,2.5195232e+06
fold1_2020H2-2021,2020-06-30,2021-07-15,3628282.86,2.905786e+06
fold1_2020H2-2021,2020-06-30,2021-07-16,2768513.94,2.7624035e+06
fold1_2020H2-2021,2020-06-30,2021-07-17,2453122.24,3.0871548e+06
fold1_2020H2-2021,2020-06-30,2021-07-18,2827723.47,3.0932935e+06
fold1_2020H2-2021,2020-06-30,2021-07-19,2859598.56,2.1730255e+06
fold1_2020H2-2021,2020-06-30,2021-07-20,3389960.06,3.182938e+06
fold1_2020H2-2021,2020-06-30,2021-07-21,3336465.66,2.7885758e+06
fold1_2020H2-2021,2020-06-30,2021-07-22,4388007.92,3.3499695e+06
fold1_2020H2-2021,2020-06-30,2021-07-23,4385215.41,3.0284805e+06
fold1_2020H2-2021,2020-06-30,2021-07-24,2294305.45,3.5888272e+06
fold1_2020H2-2021,2020-06-30,2021-07-25,2549303.61,3.4974608e+06
fold1_2020H2-2021,2020-06-30,2021-07-26,3676952.36,3.0126398e+06
fold1_2020H2-2021,2020-06-30,2021-07-27,3460197.23,2.2485678e+06
fold1_2020H2-2021,2020-06-30,2021-07-28,4046860.27,3.2335122e+06
fold1_2020H2-2021,2020-06-30,2021-07-29,5547857.68,3.2038845e+06
fold1_2020H2-2021,2020-06-30,2021-07-30,6548042.77,3.1038342e+06
fold1_2020H2-2021,2020-06-30,2021-07-31,5256382.47,4.4912655e+06
fold1_2020H2-2021,2020-06-30,2021-08-01,3652376.75,4.050596e+06
fold1_2020H2-2021,2020-06-30,2021-08-02,4399616.65,3.4272178e+06
fold1_2020H2-2021,2020-06-30,2021-08-03,2422462.49,2.3864785e+06
fold1_2020H2-2021,2020-06-30,2021-08-04,1157658.1,2.3665318e+06
fold1_2020H2-2021,2020-06-30,2021-08-05,1482037.52,920463.5
fold1_2020H2-2021,2020-06-30,2021-08-06,1591502.8,1.4426696e+06
fold1_2020H2-2021,2020-06-30,2021-08-07,1632328.25,1.8197269e+06
fold1_2020H2-2021,2020-06-30,2021-08-08,1411882.22,1.4463809e+06
fold1_2020H2-2021,2020-06-30,2021-08-09,1376421.76,931773.0
fold1_2020H2-2021,2020-06-30,2021-08-10,1581357.61,1.1318494e+06
fold1_2020H2-2021,2020-06-30,2021-08-11,1740229.21,2.0012891e+06
fold1_2020H2-2021,2020-06-30,2021-08-12,2480973.68,1.5115689e+06
fold1_2020H2-2021,2020-06-30,2021-08-13,2199306.57,1.1368181e+06
fold1_2020H2-2021,2020-06-30,2021-08-14,1494099.71,2.2388338e+06
fold1_2020H2-2021,2020-06-30,2021-08-15,1862118.62,1.9544055e+06
fold1_2020H2-2021,2020-06-30,2021-08-16,2220064.67,1.4582478e+06
fold1_2020H2-2021,2020-06-30,2021-08-17,2263302.37,1.5613056e+06
fold1_2020H2-2021,2020-06-30,2021-08-18,1875383.97,1.7436686e+06
fold1_2020H2-2021,2020-06-30,2021-08-19,2535597.13,2.0485628e+06
fold1_2020H2-2021,2020-06-30,2021-08-20,2553183.49,1.866768e+06
fold1_2020H2-2021,2020-06-30,2021-08-21,1453356.23,2.245315e+06
fold1_2020H2-2021,2020-06-30,2021-08-22,1640268.07,2.62387e+06
fold1_2020H2-2021,2020-06-30,2021-08-23,1883869.71,1.5505109e+06
fold1_2020H2-2021,2020-06-30,2021-08-24,1836322.27,1.3707479e+06
fold1_2020H2-2021,2020-06-30,2021-08-25,1939866.54,2.1400908e+06
fold1_2020H2-2021,2020-06-30,2021-08-26,1886569.08,1.3875699e+06
fold1_2020H2-2021,2020-06-30,2021-08-27,1662732.77,1.9432116e+06
fold1_2020H2-2021,2020-06-30,2021-08-28,1664938.51,3.49031e+06
fold1_2020H2-2021,2020-06-30,2021-08-29,4443078.33,3.6155785e+06
fold1_2020H2-2021,2020-06-30,2021-08-30,3996164.3,4.259591e+06
fold1_2020H2-2021,2020-06-30,2021-08-31,3940957.44,4.0899015e+06
fold1_2020H2-2021,2020-06-30,2021-09-01,3579634.39,4.237323e+06
fold1_2020H2-2021,2020-06-30,2021-09-02,3917618.96,1.3186364e+06
fold1_2020H2-2021,2020-06-30,2021-09-03,1070973.42,1.395591e+06
fold1_2020H2-2021,2020-06-30,2021-09-04,1839742.83,782709.94
fold1_2020H2-2021,2020-06-30,2021-09-05,1682890.37,1.6167338e+06
fold1_2020H2-2021,2020-06-30,2021-09-06,2097434.58,1.8355758e+06
fold1_2020H2-2021,2020-06-30,2021-09-07,2244132.38,1.5844172e+06
fold1_2020H2-2021,2020-06-30,2021-09-08,3716975.63,2.161952e+06
fold1_2020H2-2021,2020-06-30,2021-09-09,2187074.96,2.6461345e+06
fold1_2020H2-2021,2020-06-30,2021-09-10,1980857.12,1.8792091e+06
fold1_2020H2-2021,2020-06-30,2021-09-11,1547495.48,2.2057642e+06
fold1_2020H2-2021,2020-06-30,2021-09-12,2102573.99,2.1146215e+06
fold1_2020H2-2021,2020-06-30,2021-09-13,2488502.06,2.4644138e+06
fold1_2020H2-2021,2020-06-30,2021-09-14,2715006.68,2.0367346e+06
fold1_2020H2-2021,2020-06-30,2021-09-15,3275643.47,2.228698e+06
fold1_2020H2-2021,2020-06-30,2021-09-16,1853200.26,2.7396935e+06
fold1_2020H2-2021,2020-06-30,2021-09-17,2031900.2,1.8946452e+06
fold1_2020H2-2021,2020-06-30,2021-09-18,1910747.73,1.9605922e+06
fold1_2020H2-2021,2020-06-30,2021-09-19,1952437.84,2.599774e+06
fold1_2020H2-2021,2020-06-30,2021-09-20,2307149.39,1.7761902e+06
fold1_2020H2-2021,2020-06-30,2021-09-21,3210995.34,2.8348245e+06
fold1_2020H2-2021,2020-06-30,2021-09-22,2518917.94,2.768984e+06
fold1_2020H2-2021,2020-06-30,2021-09-23,2220736.52,2.6205418e+06
fold1_2020H2-2021,2020-06-30,2021-09-24,2008968.22,2.5135782e+06
fold1_2020H2-2021,2020-06-30,2021-09-25,2281967.32,2.5187062e+06
fold1_2020H2-2021,2020-06-30,2021-09-26,1602075.57,3.02598e+06
fold1_2020H2-2021,2020-06-30,2021-09-27,3058684.14,4.0693785e+06
fold1_2020H2-2021,2020-06-30,2021-09-28,4749132.81,3.2904395e+06
fold1_2020H2-2021,2020-06-30,2021-09-29,3184253.74,3.6947772e+06
fold1_2020H2-2021,2020-06-30,2021-09-30,3504126.92,3.3389432e+06
fold1_2020H2-2021,2020-06-30,2021-10-01,2465559.4,2.934221e+06
fold1_2020H2-2021,2020-06-30,2021-10-02,2584886.96,1.0540342e+06
fold1_2020H2-2021,2020-06-30,2021-10-03,920334.15,963118.0
fold1_2020H2-2021,2020-06-30,2021-10-04,1043382.83,1.6032314e+06
fold1_2020H2-2021,2020-06-30,2021-10-05,1440909.2,1.4887232e+06
fold1_2020H2-2021,2020-06-30,2021-10-06,1793088.31,1.8118651e+06
fold1_2020H2-2021,2020-06-30,2021-10-07,1826196.69,1.5137356e+06
fold1_2020H2-2021,2020-06-30,2021-10-08,1613264.94,1.2123971e+06
fold1_2020H2-2021,2020-06-30,2021-10-09,1794510.68,1.1360995e+06
fold1_2020H2-2021,2020-06-30,2021-10-10,1883117.98,1.2505524e+06
fold1_2020H2-2021,2020-06-30,2021-10-11,2300450.29,1.9274496e+06
fold1_2020H2-2021,2020-06-30,2021-10-12,1567144.44,1.3325244e+06
fold1_2020H2-2021,2020-06-30,2021-10-13,1918678.27,1.7974581e+06
fold1_2020H2-2021,2020-06-30,2021-10-14,2148334.67,1.50374e+06
fold1_2020H2-2021,2020-06-30,2021-10-15,1900056.41,1.6964711e+06
fold1_2020H2-2021,2020-06-30,2021-10-16,2106301.79,1.2375646e+06
fold1_2020H2-2021,2020-06-30,2021-10-17,2495144.25,1.1368019e+06
fold1_2020H2-2021,2020-06-30,2021-10-18,2029589.44,1.6015366e+06
fold1_2020H2-2021,2020-06-30,2021-10-19,1794195.22,2.3179478e+06
fold1_2020H2-2021,2020-06-30,2021-10-20,2748359.42,2.429455e+06
fold1_2020H2-2021,2020-06-30,2021-10-21,1715238.6,2.1638085e+06
fold1_2020H2-2021,2020-06-30,2021-10-22,2513749.87,1.8574945e+06
fold1_2020H2-2021,2020-06-30,2021-10-23,1853822.02,1.5233125e+06
fold1_2020H2-2021,2020-06-30,2021-10-24,2201542.06,1.762635e+06
fold1_2020H2-2021,2020-06-30,2021-10-25,2021989.32,3.0355415e+06
fold1_2020H2-2021,2020-06-30,2021-10-26,2162674.08,2.2448822e+06
fold1_2020H2-2021,2020-06-30,2021-10-27,2151921.73,2.5022178e+06
fold1_2020H2-2021,2020-06-30,2021-10-28,2489853.45,3.5174772e+06
fold1_2020H2-2021,2020-06-30,2021-10-29,3746325.95,3.3798388e+06
fold1_2020H2-2021,2020-06-30,2021-10-30,3434826.63,3.3030092e+06
fold1_2020H2-2021,2020-06-30,2021-10-31,3026687.11,3.4028825e+06
fold1_2020H2-2021,2020-06-30,2021-11-01,2926691.09,2.7319365e+06
fold1_2020H2-2021,2020-06-30,2021-11-02,3072730.67,1.1254698e+06
fold1_2020H2-2021,2020-06-30,2021-11-03,1262904.96,1.0033857e+06
fold1_2020H2-2021,2020-06-30,2021-11-04,1344901.28,937773.44
fold1_2020H2-2021,2020-06-30,2021-11-05,1257605.18,1.3367031e+06
fold1_2020H2-2021,2020-06-30,2021-11-06,2093872.9,989935.5
fold1_2020H2-2021,2020-06-30,2021-11-07,942802.49,1.6810009e+06
fold1_2020H2-2021,2020-06-30,2021-11-08,2064680.43,1.127711e+06
fold1_2020H2-2021,2020-06-30,2021-11-09,2462296.67,1.7926478e+06
fold1_2020H2-2021,2020-06-30,2021-11-10,1774844.23,2.3306245e+06
fold1_2020H2-2021,2020-06-30,2021-11-11,1412638.65,1.7259548e+06
fold1_2020H2-2021,2020-06-30,2021-11-12,1777590.33,1.7726434e+06
fold1_2020H2-2021,2020-06-30,2021-11-13,1291079.97,1.9037992e+06
fold1_2020H2-2021,2020-06-30,2021-11-14,1228705.01,2.0872406e+06
fold1_2020H2-2021,2020-06-30,2021-11-15,1206377.91,1.950968e+06
fold1_2020H2-2021,2020-06-30,2021-11-16,2106714.51,1.662236e+06
fold1_2020H2-2021,2020-06-30,2021-11-17,1531889.09,2.0184556e+06
fold1_2020H2-2021,2020-06-30,2021-11-18,1661241.07,1.6891049e+06
fold1_2020H2-2021,2020-06-30,2021-11-19,1253389.32,1.00134006e+06
fold1_2020H2-2021,2020-06-30,2021-11-20,1071404.44,1.0501922e+06
fold1_2020H2-2021,2020-06-30,2021-11-21,1222908.7,1.4586094e+06
fold1_2020H2-2021,2020-06-30,2021-11-22,1558297.56,1.5016691e+06
fold1_2020H2-2021,2020-06-30,2021-11-23,1613168.79,935484.0
fold1_2020H2-2021,2020-06-30,2021-11-24,1665269.85,1.1334122e+06
fold1_2020H2-2021,2020-06-30,2021-11-25,1278003.36,1.4122048e+06
fold1_2020H2-2021,2020-06-30,2021-11-26,970756.2,1.4471219e+06
fold1_2020H2-2021,2020-06-30,2021-11-27,1407280.07,1.4682756e+06
fold1_2020H2-2021,2020-06-30,2021-11-28,2359645.42,1.9568935e+06
fold1_2020H2-2021,2020-06-30,2021-11-29,1830856.99,1.5995204e+06
fold1_2020H2-2021,2020-06-30,2021-11-30,2987950.32,1.4702571e+06
fold1_2020H2-2021,2020-06-30,2021-12-01,1881588.13,1.2046969e+06
fold1_2020H2-2021,2020-06-30,2021-12-02,1911470.99,641080.06
fold1_2020H2-2021,2020-06-30,2021-12-03,586748.17,747908.44
fold1_2020H2-2021,2020-06-30,2021-12-04,819389.63,697006.3
fold1_2020H2-2021,2020-06-30,2021-12-05,1101768.07,726754.94
fold1_2020H2-2021,2020-06-30,2021-12-06,1167887.5,919300.25
fold1_2020H2-2021,2020-06-30,2021-12-07,708706.53,946386.6
fold1_2020H2-2021,2020-06-30,2021-12-08,919265.14,925779.94
fold1_2020H2-2021,2020-06-30,2021-12-09,999032.78,1.016372e+06
fold1_2020H2-2021,2020-06-30,2021-12-10,1214991.34,864600.6
fold1_2020H2-2021,2020-06-30,2021-12-11,948995.31,964626.44
fold1_2020H2-2021,2020-06-30,2021-12-12,1285064.15,913324.75
fold1_2020H2-2021,2020-06-30,2021-12-13,1112918.62,1.2257728e+06
fold1_2020H2-2021,2020-06-30,2021-12-14,1821860.68,1.0745916e+06
fold1_2020H2-2021,2020-06-30,2021-12-15,1773908.51,1.0771772e+06
fold1_2020H2-2021,2020-06-30,2021-12-16,1771984.63,1.7031971e+06
fold1_2020H2-2021,2020-06-30,2021-12-17,1463605.82,1.2879809e+06
fold1_2020H2-2021,2020-06-30,2021-12-18,1214550.47,1.02899806e+06
fold1_2020H2-2021,2020-06-30,2021-12-19,1546435.59,1.5397159e+06
fold1_2020H2-2021,2020-06-30,2021-12-20,1676753.39,1.5682388e+06
fold1_2020H2-2021,2020-06-30,2021-12-21,2017237.85,1.464356e+06
fold1_2020H2-2021,2020-06-30,2021-12-22,2327738.57,1.7437885e+06
fold1_2020H2-2021,2020-06-30,2021-12-23,2415914.18,1.1546939e+06
fold1_2020H2-2021,2020-06-30,2021-12-24,1448810.25,1.1398328e+06
fold1_2020H2-2021,2020-06-30,2021-12-25,1120986.7,928720.25
fold1_2020H2-2021,2020-06-30,2021-12-26,1317218.46,1.04246594e+06
fold1_2020H2-2021,2020-06-30,2021-12-27,1025037.51,1.8367559e+06
fold1_2020H2-2021,2020-06-30,2021-12-28,1855064.19,2.8676578e+06
fold1_2020H2-2021,2020-06-30,2021-12-29,4065184.9,3.03584e+06
fold1_2020H2-2021,2020-06-30,2021-12-30,3842586.5,3.1166478e+06
fold1_2020H2-2021,2020-06-30,2021-12-31,3041203.79,2.602592e+06
fold2_2021H2-2022,2021-06-30,2021-07-01,4975867.15,6.0795045e+06
fold2_2021H2-2022,2021-06-30,2021-07-02,4397949.68,4.9311855e+06
fold2_2021H2-2022,2021-06-30,2021-07-03,3132513.38,4.599167e+06
fold2_2021H2-2022,2021-06-30,2021-07-04,730601.15,1.66963e+06
fold2_2021H2-2022,2021-06-30,2021-07-05,1878817.85,1.0827874e+06
fold2_2021H2-2022,2021-06-30,2021-07-06,1616214.16,1.367404e+06
fold2_2021H2-2022,2021-06-30,2021-07-07,1741509.6,2.168405e+06
fold2_2021H2-2022,2021-06-30,2021-07-08,2563149.38,2.4818858e+06
fold2_2021H2-2022,2021-06-30,2021-07-09,2685812.87,2.2693568e+06
fold2_2021H2-2022,2021-06-30,2021-07-10,2524108.8,2.6054158e+06
fold2_2021H2-2022,2021-06-30,2021-07-11,2592712.85,2.8490942e+06
fold2_2021H2-2022,2021-06-30,2021-07-12,3123873.5,2.7361032e+06
fold2_2021H2-2022,2021-06-30,2021-07-13,2650746.43,2.3901662e+06
fold2_2021H2-2022,2021-06-30,2021-07-14,2970833.54,2.9679988e+06
fold2_2021H2-2022,2021-06-30,2021-07-15,3628282.86,3.0497048e+06
fold2_2021H2-2022,2021-06-30,2021-07-16,2768513.94,2.9498092e+06
fold2_2021H2-2022,2021-06-30,2021-07-17,2453122.24,3.1374872e+06
fold2_2021H2-2022,2021-06-30,2021-07-18,2827723.47,3.110172e+06
fold2_2021H2-2022,2021-06-30,2021-07-19,2859598.56,2.495169e+06
fold2_2021H2-2022,2021-06-30,2021-07-20,3389960.06,3.0438585e+06
fold2_2021H2-2022,2021-06-30,2021-07-21,3336465.66,3.128607e+06
fold2_2021H2-2022,2021-06-30,2021-07-22,4388007.92,3.768843e+06
fold2_2021H2-2022,2021-06-30,2021-07-23,4385215.41,3.3914432e+06
fold2_2021H2-2022,2021-06-30,2021-07-24,2294305.45,3.7642635e+06
fold2_2021H2-2022,2021-06-30,2021-07-25,2549303.61,3.7908865e+06
fold2_2021H2-2022,2021-06-30,2021-07-26,3676952.36,3.1710218e+06
fold2_2021H2-2022,2021-06-30,2021-07-27,3460197.23,2.9909772e+06
fold2_2021H2-2022,2021-06-30,2021-07-28,4046860.27,3.5838922e+06
fold2_2021H2-2022,2021-06-30,2021-07-29,5547857.68,3.5118025e+06
fold2_2021H2-2022,2021-06-30,2021-07-30,6548042.77,3.7023005e+06
fold2_2021H2-2022,2021-06-30,2021-07-31,5256382.47,4.6456435e+06
fold2_2021H2-2022,2021-06-30,2021-08-01,3652376.75,3.8490348e+06
fold2_2021H2-2022,2021-06-30,2021-08-02,4399616.65,3.4928075e+06
fold2_2021H2-2022,2021-06-30,2021-08-03,2422462.49,3.3292898e+06
fold2_2021H2-2022,2021-06-30,2021-08-04,1157658.1,2.7884402e+06
fold2_2021H2-2022,2021-06-30,2021-08-05,1482037.52,1.8478845e+06
fold2_2021H2-2022,2021-06-30,2021-08-06,1591502.8,1.6636156e+06
fold2_2021H2-2022,2021-06-30,2021-08-07,1632328.25,1.7113918e+06
fold2_2021H2-2022,2021-06-30,2021-08-08,1411882.22,1.8470635e+06
fold2_2021H2-2022,2021-06-30,2021-08-09,1376421.76,1.4058192e+06
fold2_2021H2-2022,2021-06-30,2021-08-10,1581357.61,1.7077204e+06
fold2_2021H2-2022,2021-06-30,2021-08-11,1740229.21,2.2652568e+06
fold2_2021H2-2022,2021-06-30,2021-08-12,2480973.68,2.1371865e+06
fold2_2021H2-2022,2021-06-30,2021-08-13,2199306.57,2.292051e+06
fold2_2021H2-2022,2021-06-30,2021-08-14,1494099.71,2.0784668e+06
fold2_2021H2-2022,2021-06-30,2021-08-15,1862118.62,2.1204372e+06
fold2_2021H2-2022,2021-06-30,2021-08-16,2220064.67,1.6823784e+06
fold2_2021H2-2022,2021-06-30,2021-08-17,2263302.37,1.9145818e+06
fold2_2021H2-2022,2021-06-30,2021-08-18,1875383.97,2.434186e+06
fold2_2021H2-2022,2021-06-30,2021-08-19,2535597.13,2.6773748e+06
fold2_2021H2-2022,2021-06-30,2021-08-20,2553183.49,2.4028185e+06
fold2_2021H2-2022,2021-06-30,2021-08-21,1453356.23,2.2302308e+06
fold2_2021H2-2022,2021-06-30,2021-08-22,1640268.07,2.7357952e+06
fold2_2021H2-2022,2021-06-30,2021-08-23,1883869.71,1.9130612e+06
fold2_2021H2-2022,2021-06-30,2021-08-24,1836322.27,1.9372202e+06
fold2_2021H2-2022,2021-06-30,2021-08-25,1939866.54,2.484119e+06
fold2_2021H2-2022,2021-06-30,2021-08-26,1886569.08,2.0816545e+06
fold2_2021H2-2022,2021-06-30,2021-08-27,1662732.77,2.6638028e+06
fold2_2021H2-2022,2021-06-30,2021-08-28,1664938.51,3.6775902e+06
fold2_2021H2-2022,2021-06-30,2021-08-29,4443078.33,4.4391775e+06
fold2_2021H2-2022,2021-06-30,2021-08-30,3996164.3,4.9266535e+06
fold2_2021H2-2022,2021-06-30,2021-08-31,3940957.44,5.9514975e+06
fold2_2021H2-2022,2021-06-30,2021-09-01,3579634.39,5.487286e+06
fold2_2021H2-2022,2021-06-30,2021-09-02,3917618.96,2.8163872e+06
fold2_2021H2-2022,2021-06-30,2021-09-03,1070973.42,1.6318104e+06
fold2_2021H2-2022,2021-06-30,2021-09-04,1839742.83,1.2550112e+06
fold2_2021H2-2022,2021-06-30,2021-09-05,1682890.37,1.7248654e+06
fold2_2021H2-2022,2021-06-30,2021-09-06,2097434.58,2.0173625e+06
fold2_2021H2-2022,2021-06-30,2021-09-07,2244132.38,2.282192e+06
fold2_2021H2-2022,2021-06-30,2021-09-08,3716975.63,2.3283808e+06
fold2_2021H2-2022,2021-06-30,2021-09-09,2187074.96,2.5090255e+06
fold2_2021H2-2022,2021-06-30,2021-09-10,1980857.12,1.9550339e+06
fold2_2021H2-2022,2021-06-30,2021-09-11,1547495.48,2.5231348e+06
fold2_2021H2-2022,2021-06-30,2021-09-12,2102573.99,2.127251e+06
fold2_2021H2-2022,2021-06-30,2021-09-13,2488502.06,2.771203e+06
fold2_2021H2-2022,2021-06-30,2021-09-14,2715006.68,2.3309735e+06
fold2_2021H2-2022,2021-06-30,2021-09-15,3275643.47,2.4998468e+06
fold2_2021H2-2022,2021-06-30,2021-09-16,1853200.26,2.6881382e+06
fold2_2021H2-2022,2021-06-30,2021-09-17,2031900.2,1.9781924e+06
fold2_2021H2-2022,2021-06-30,2021-09-18,1910747.73,2.0124991e+06
fold2_2021H2-2022,2021-06-30,2021-09-19,1952437.84,2.5572968e+06
fold2_2021H2-2022,2021-06-30,2021-09-20,2307149.39,2.1627048e+06
fold2_2021H2-2022,2021-06-30,2021-09-21,3210995.34,2.83226e+06
fold2_2021H2-2022,2021-06-30,2021-09-22,2518917.94,2.8129915e+06
fold2_2021H2-2022,2021-06-30,2021-09-23,2220736.52,2.6353635e+06
fold2_2021H2-2022,2021-06-30,2021-09-24,2008968.22,2.384024e+06
fold2_2021H2-2022,2021-06-30,2021-09-25,2281967.32,2.323627e+06
fold2_2021H2-2022,2021-06-30,2021-09-26,1602075.57,2.793532e+06
fold2_2021H2-2022,2021-06-30,2021-09-27,3058684.14,3.6513732e+06
fold2_2021H2-2022,2021-06-30,2021-09-28,4749132.81,4.327359e+06
fold2_2021H2-2022,2021-06-30,2021-09-29,3184253.74,4.5143165e+06
fold2_2021H2-2022,2021-06-30,2021-09-30,3504126.92,3.840173e+06
fold2_2021H2-2022,2021-06-30,2021-10-01,2465559.4,2.6217315e+06
fold2_2021H2-2022,2021-06-30,2021-10-02,2584886.96,1.3733176e+06
fold2_2021H2-2022,2021-06-30,2021-10-03,920334.15,1.0212339e+06
fold2_2021H2-2022,2021-06-30,2021-10-04,1043382.83,1.5991238e+06
fold2_2021H2-2022,2021-06-30,2021-10-05,1440909.2,1.5186084e+06
fold2_2021H2-2022,2021-06-30,2021-10-06,1793088.31,1.6065605e+06
fold2_2021H2-2022,2021-06-30,2021-10-07,1826196.69,1.6740065e+06
fold2_2021H2-2022,2021-06-30,2021-10-08,1613264.94,1.5673434e+06
fold2_2021H2-2022,2021-06-30,2021-10-09,1794510.68,1.4491091e+06
fold2_2021H2-2022,2021-06-30,2021-10-10,1883117.98,1.511935e+06
fold2_2021H2-2022,2021-06-30,2021-10-11,2300450.29,1.9283855e+06
fold2_2021H2-2022,2021-06-30,2021-10-12,1567144.44,1.5225688e+06
fold2_2021H2-2022,2021-06-30,2021-10-13,1918678.27,1.7978902e+06
fold2_2021H2-2022,2021-06-30,2021-10-14,2148334.67,1.9735172e+06
fold2_2021H2-2022,2021-06-30,2021-10-15,1900056.41,1.9229735e+06
fold2_2021H2-2022,2021-06-30,2021-10-16,2106301.79,1.5647281e+06
fold2_2021H2-2022,2021-06-30,2021-10-17,2495144.25,1.702481e+06
fold2_2021H2-2022,2021-06-30,2021-10-18,2029589.44,1.9094995e+06
fold2_2021H2-2022,2021-06-30,2021-10-19,1794195.22,2.5685302e+06
fold2_2021H2-2022,2021-06-30,2021-10-20,2748359.42,2.203031e+06
fold2_2021H2-2022,2021-06-30,2021-10-21,1715238.6,2.2439618e+06
fold2_2021H2-2022,2021-06-30,2021-10-22,2513749.87,1.8996406e+06
fold2_2021H2-2022,2021-06-30,2021-10-23,1853822.02,1.8785102e+06
fold2_2021H2-2022,2021-06-30,2021-10-24,2201542.06,1.6225338e+06
fold2_2021H2-2022,2021-06-30,2021-10-25,2021989.32,2.7047348e+06
fold2_2021H2-2022,2021-06-30,2021-10-26,2162674.08,2.3968312e+06
fold2_2021H2-2022,2021-06-30,2021-10-27,2151921.73,2.4064465e+06
fold2_2021H2-2022,2021-06-30,2021-10-28,2489853.45,3.4966905e+06
fold2_2021H2-2022,2021-06-30,2021-10-29,3746325.95,3.4747475e+06
fold2_2021H2-2022,2021-06-30,2021-10-30,3434826.63,2.9887335e+06
fold2_2021H2-2022,2021-06-30,2021-10-31,3026687.11,2.9676335e+06
fold2_2021H2-2022,2021-06-30,2021-11-01,2926691.09,2.8136112e+06
fold2_2021H2-2022,2021-06-30,2021-11-02,3072730.67,1.5566416e+06
fold2_2021H2-2022,2021-06-30,2021-11-03,1262904.96,1.213944e+06
fold2_2021H2-2022,2021-06-30,2021-11-04,1344901.28,1.1053696e+06
fold2_2021H2-2022,2021-06-30,2021-11-05,1257605.18,1.3534519e+06
fold2_2021H2-2022,2021-06-30,2021-11-06,2093872.9,1.181565e+06
fold2_2021H2-2022,2021-06-30,2021-11-07,942802.49,1.2960922e+06
fold2_2021H2-2022,2021-06-30,2021-11-08,2064680.43,1.2261352e+06
fold2_2021H2-2022,2021-06-30,2021-11-09,2462296.67,1.6197448e+06
fold2_2021H2-2022,2021-06-30,2021-11-10,1774844.23,1.8780462e+06
fold2_2021H2-2022,2021-06-30,2021-11-11,1412638.65,1.6145872e+06
fold2_2021H2-2022,2021-06-30,2021-11-12,1777590.33,1.7255812e+06
fold2_2021H2-2022,2021-06-30,2021-11-13,1291079.97,1.7660019e+06
fold2_2021H2-2022,2021-06-30,2021-11-14,1228705.01,1.8969865e+06
fold2_2021H2-2022,2021-06-30,2021-11-15,1206377.91,1.8888379e+06
fold2_2021H2-2022,2021-06-30,2021-11-16,2106714.51,1.7640358e+06
fold2_2021H2-2022,2021-06-30,2021-11-17,1531889.09,1.7804502e+06
fold2_2021H2-2022,2021-06-30,2021-11-18,1661241.07,1.7262526e+06
fold2_2021H2-2022,2021-06-30,2021-11-19,1253389.32,1.4337092e+06
fold2_2021H2-2022,2021-06-30,2021-11-20,1071404.44,1.2813271e+06
fold2_2021H2-2022,2021-06-30,2021-11-21,1222908.7,1.6766554e+06
fold2_2021H2-2022,2021-06-30,2021-11-22,1558297.56,1.3857872e+06
fold2_2021H2-2022,2021-06-30,2021-11-23,1613168.79,1.176973e+06
fold2_2021H2-2022,2021-06-30,2021-11-24,1665269.85,1.146624e+06
fold2_2021H2-2022,2021-06-30,2021-11-25,1278003.36,1.25406e+06
fold2_2021H2-2022,2021-06-30,2021-11-26,970756.2,1.2413436e+06
fold2_2021H2-2022,2021-06-30,2021-11-27,1407280.07,1.313007e+06
fold2_2021H2-2022,2021-06-30,2021-11-28,2359645.42,1.9003834e+06
fold2_2021H2-2022,2021-06-30,2021-11-29,1830856.99,1.7747408e+06
fold2_2021H2-2022,2021-06-30,2021-11-30,2987950.32,1.6370725e+06
fold2_2021H2-2022,2021-06-30,2021-12-01,1881588.13,1.1122791e+06
fold2_2021H2-2022,2021-06-30,2021-12-02,1911470.99,735691.25
fold2_2021H2-2022,2021-06-30,2021-12-03,586748.17,610249.9
fold2_2021H2-2022,2021-06-30,2021-12-04,819389.63,625035.6
fold2_2021H2-2022,2021-06-30,2021-12-05,1101768.07,622350.7
fold2_2021H2-2022,2021-06-30,2021-12-06,1167887.5,748103.2
fold2_2021H2-2022,2021-06-30,2021-12-07,708706.53,854316.6
fold2_2021H2-2022,2021-06-30,2021-12-08,919265.14,867711.5
fold2_2021H2-2022,2021-06-30,2021-12-09,999032.78,1.0774546e+06
fold2_2021H2-2022,2021-06-30,2021-12-10,1214991.34,989775.06
fold2_2021H2-2022,2021-06-30,2021-12-11,948995.31,795556.2
fold2_2021H2-2022,2021-06-30,2021-12-12,1285064.15,805804.9
fold2_2021H2-2022,2021-06-30,2021-12-13,1112918.62,1.2006825e+06
fold2_2021H2-2022,2021-06-30,2021-12-14,1821860.68,1.102931e+06
fold2_2021H2-2022,2021-06-30,2021-12-15,1773908.51,1.2673996e+06
fold2_2021H2-2022,2021-06-30,2021-12-16,1771984.63,1.5235521e+06
fold2_2021H2-2022,2021-06-30,2021-12-17,1463605.82,1.260738e+06
fold2_2021H2-2022,2021-06-30,2021-12-18,1214550.47,1.079459e+06
fold2_2021H2-2022,2021-06-30,2021-12-19,1546435.59,1.357129e+06
fold2_2021H2-2022,2021-06-30,2021-12-20,1676753.39,1.8083916e+06
fold2_2021H2-2022,2021-06-30,2021-12-21,2017237.85,1.7973415e+06
fold2_2021H2-2022,2021-06-30,2021-12-22,2327738.57,1.9427541e+06
fold2_2021H2-2022,2021-06-30,2021-12-23,2415914.18,1.6031061e+06
fold2_2021H2-2022,2021-06-30,2021-12-24,1448810.25,1.5034904e+06
fold2_2021H2-2022,2021-06-30,2021-12-25,1120986.7,1.04040206e+06
fold2_2021H2-2022,2021-06-30,2021-12-26,1317218.46,1.0792924e+06
fold2_2021H2-2022,2021-06-30,2021-12-27,1025037.51,1.6985952e+06
fold2_2021H2-2022,2021-06-30,2021-12-28,1855064.19,2.5335945e+06
fold2_2021H2-2022,2021-06-30,2021-12-29,4065184.9,3.3449698e+06
fold2_2021H2-2022,2021-06-30,2021-12-30,3842586.5,3.0576758e+06
fold2_2021H2-2022,2021-06-30,2021-12-31,3041203.79,2.788714e+06
fold2_2021H2-2022,2021-06-30,2022-01-01,2932155.47,1.8292532e+06
fold2_2021H2-2022,2021-06-30,2022-01-02,2361965.0,644344.0
fold2_2021H2-2022,2021-06-30,2022-01-03,545563.72,768881.7
fold2_2021H2-2022,2021-06-30,2022-01-04,1242319.38,836975.75
fold2_2021H2-2022,2021-06-30,2022-01-05,809977.6,1.0576824e+06
fold2_2021H2-2022,2021-06-30,2022-01-06,993048.62,892518.2
fold2_2021H2-2022,2021-06-30,2022-01-07,1294963.64,996513.0
fold2_2021H2-2022,2021-06-30,2022-01-08,1641747.05,1.0404685e+06
fold2_2021H2-2022,2021-06-30,2022-01-09,1706485.37,1.1601578e+06
fold2_2021H2-2022,2021-06-30,2022-01-10,2569113.21,1.2134625e+06
fold2_2021H2-2022,2021-06-30,2022-01-11,1640806.35,1.4525198e+06
fold2_2021H2-2022,2021-06-30,2022-01-12,1775526.5,1.1807404e+06
fold2_2021H2-2022,2021-06-30,2022-01-13,1173172.99,1.402624e+06
fold2_2021H2-2022,2021-06-30,2022-01-14,1548726.82,1.1934629e+06
fold2_2021H2-2022,2021-06-30,2022-01-15,1461990.71,1.1535294e+06
fold2_2021H2-2022,2021-06-30,2022-01-16,2064339.13,1.2945752e+06
fold2_2021H2-2022,2021-06-30,2022-01-17,1621773.2,1.8256439e+06
fold2_2021H2-2022,2021-06-30,2022-01-18,1861205.18,1.7593618e+06
fold2_2021H2-2022,2021-06-30,2022-01-19,2020862.53,1.6666058e+06
fold2_2021H2-2022,2021-06-30,2022-01-20,1249233.56,1.706701e+06
fold2_2021H2-2022,2021-06-30,2022-01-21,1580948.85,1.6744552e+06
fold2_2021H2-2022,2021-06-30,2022-01-22,1758593.8,1.7146886e+06
fold2_2021H2-2022,2021-06-30,2022-01-23,1785338.17,1.5630295e+06
fold2_2021H2-2022,2021-06-30,2022-01-24,1915906.28,2.116308e+06
fold2_2021H2-2022,2021-06-30,2022-01-25,2471179.3,1.8509606e+06
fold2_2021H2-2022,2021-06-30,2022-01-26,2278973.82,2.2117992e+06
fold2_2021H2-2022,2021-06-30,2022-01-27,1604489.99,2.293096e+06
fold2_2021H2-2022,2021-06-30,2022-01-28,2792317.48,2.5134848e+06
fold2_2021H2-2022,2021-06-30,2022-01-29,3897632.5,2.3587202e+06
fold2_2021H2-2022,2021-06-30,2022-01-30,3903300.55,2.3503512e+06
fold2_2021H2-2022,2021-06-30,2022-01-31,3159829.55,2.1439722e+06
fold2_2021H2-2022,2021-06-30,2022-02-01,3672475.88,1.8190952e+06
fold2_2021H2-2022,2021-06-30,2022-02-02,3072419.17,1.0890745e+06
fold2_2021H2-2022,2021-06-30,2022-02-03,1056919.3,1.1305785e+06
fold2_2021H2-2022,2021-06-30,2022-02-04,1135262.35,1.344589e+06
fold2_2021H2-2022,2021-06-30,2022-02-05,1325806.77,1.5208562e+06
fold2_2021H2-2022,2021-06-30,2022-02-06,1360544.32,1.5218849e+06
fold2_2021H2-2022,2021-06-30,2022-02-07,1777072.87,1.7047084e+06
fold2_2021H2-2022,2021-06-30,2022-02-08,2324022.32,1.5077895e+06
fold2_2021H2-2022,2021-06-30,2022-02-09,2087968.13,1.5838779e+06
fold2_2021H2-2022,2021-06-30,2022-02-10,1681958.09,1.8415581e+06
fold2_2021H2-2022,2021-06-30,2022-02-11,1868277.55,1.7793844e+06
fold2_2021H2-2022,2021-06-30,2022-02-12,2483675.48,1.7504065e+06
fold2_2021H2-2022,2021-06-30,2022-02-13,2471088.82,2.0121344e+06
fold2_2021H2-2022,2021-06-30,2022-02-14,2477651.08,2.7657008e+06
fold2_2021H2-2022,2021-06-30,2022-02-15,2911470.49,2.2399465e+06
fold2_2021H2-2022,2021-06-30,2022-02-16,3189077.73,2.1743875e+06
fold2_2021H2-2022,2021-06-30,2022-02-17,2365001.98,2.3222382e+06
fold2_2021H2-2022,2021-06-30,2022-02-18,2218074.92,2.323574e+06
fold2_2021H2-2022,2021-06-30,2022-02-19,2497284.24,2.0545379e+06
fold2_2021H2-2022,2021-06-30,2022-02-20,3274514.0,2.5795375e+06
fold2_2021H2-2022,2021-06-30,2022-02-21,3231879.49,2.7654845e+06
fold2_2021H2-2022,2021-06-30,2022-02-22,3646117.64,2.711698e+06
fold2_2021H2-2022,2021-06-30,2022-02-23,3297595.34,3.5688952e+06
fold2_2021H2-2022,2021-06-30,2022-02-24,2768850.97,3.7360025e+06
fold2_2021H2-2022,2021-06-30,2022-02-25,2943786.98,4.345141e+06
fold2_2021H2-2022,2021-06-30,2022-02-26,6304749.98,3.552846e+06
fold2_2021H2-2022,2021-06-30,2022-02-27,5652340.75,3.2452518e+06
fold2_2021H2-2022,2021-06-30,2022-02-28,6007208.86,2.4557002e+06
fold2_2021H2-2022,2021-06-30,2022-03-01,4532724.33,1.6240415e+06
fold2_2021H2-2022,2021-06-30,2022-03-02,5221766.09,726824.94
fold2_2021H2-2022,2021-06-30,2022-03-03,1113577.08,1.019735e+06
fold2_2021H2-2022,2021-06-30,2022-03-04,1265611.41,1.3757806e+06
fold2_2021H2-2022,2021-06-30,2022-03-05,1917604.21,1.3547096e+06
fold2_2021H2-2022,2021-06-30,2022-03-06,2406752.08,2.092133e+06
fold2_2021H2-2022,2021-06-30,2022-03-07,3077438.94,1.938477e+06
fold2_2021H2-2022,2021-06-30,2022-03-08,3777839.97,2.1789065e+06
fold2_2021H2-2022,2021-06-30,2022-03-09,4138590.91,2.9005452e+06
fold2_2021H2-2022,2021-06-30,2022-03-10,3544992.79,2.9462445e+06
fold2_2021H2-2022,2021-06-30,2022-03-11,3499825.21,2.6114455e+06
fold2_2021H2-2022,2021-06-30,2022-03-12,3731020.06,2.81523e+06
fold2_2021H2-2022,2021-06-30,2022-03-13,4026635.22,3.2063058e+06
fold2_2021H2-2022,2021-06-30,2022-03-14,4709281.9,3.3808412e+06
fold2_2021H2-2022,2021-06-30,2022-03-15,4619237.89,3.324803e+06
fold2_2021H2-2022,2021-06-30,2022-03-16,4519934.96,3.7774432e+06
fold2_2021H2-2022,2021-06-30,2022-03-17,5222281.22,4.435183e+06
fold2_2021H2-2022,2021-06-30,2022-03-18,4426435.98,3.8959102e+06
fold2_2021H2-2022,2021-06-30,2022-03-19,4313906.61,3.5470265e+06
fold2_2021H2-2022,2021-06-30,2022-03-20,4198964.15,3.649935e+06
fold2_2021H2-2022,2021-06-30,2022-03-21,4036051.82,3.912886e+06
fold2_2021H2-2022,2021-06-30,2022-03-22,4626820.15,3.7381838e+06
fold2_2021H2-2022,2021-06-30,2022-03-23,5301842.45,4.2739105e+06
fold2_2021H2-2022,2021-06-30,2022-03-24,5052034.89,4.6128285e+06
fold2_2021H2-2022,2021-06-30,2022-03-25,4122489.22,3.8848728e+06
fold2_2021H2-2022,2021-06-30,2022-03-26,4325007.4,3.8514105e+06
fold2_2021H2-2022,2021-06-30,2022-03-27,5169170.11,3.9598558e+06
fold2_2021H2-2022,2021-06-30,2022-03-28,4855258.01,4.3083265e+06
fold2_2021H2-2022,2021-06-30,2022-03-29,4908504.49,4.3698835e+06
fold2_2021H2-2022,2021-06-30,2022-03-30,11643208.73,9.22092e+06
fold2_2021H2-2022,2021-06-30,2022-03-31,9233141.0,9.237961e+06
fold2_2021H2-2022,2021-06-30,2022-04-01,8299060.74,8.969139e+06
fold2_2021H2-2022,2021-06-30,2022-04-02,8289456.22,8.28132e+06
fold2_2021H2-2022,2021-06-30,2022-04-03,6547965.12,7.557859e+06
fold2_2021H2-2022,2021-06-30,2022-04-04,1974536.55,2.4835128e+06
fold2_2021H2-2022,2021-06-30,2022-04-05,3017582.3,2.4284355e+06
fold2_2021H2-2022,2021-06-30,2022-04-06,2934004.6,2.6357278e+06
fold2_2021H2-2022,2021-06-30,2022-04-07,1947894.58,2.8191415e+06
fold2_2021H2-2022,2021-06-30,2022-04-08,2516364.3,2.8243678e+06
fold2_2021H2-2022,2021-06-30,2022-04-09,3523261.24,3.1032422e+06
fold2_2021H2-2022,2021-06-30,2022-04-10,3747690.93,2.9267812e+06
fold2_2021H2-2022,2021-06-30,2022-04-11,4187283.4,3.253659e+06
fold2_2021H2-2022,2021-06-30,2022-04-12,4300020.35,3.4823738e+06
fold2_2021H2-2022,2021-06-30,2022-04-13,4888627.31,3.61947e+06
fold2_2021H2-2022,2021-06-30,2022-04-14,4670014.27,4.5683275e+06
fold2_2021H2-2022,2021-06-30,2022-04-15,4908291.49,3.7287022e+06
fold2_2021H2-2022,2021-06-30,2022-04-16,5147946.06,3.8064968e+06
fold2_2021H2-2022,2021-06-30,2022-04-17,4470361.38,4.0132598e+06
fold2_2021H2-2022,2021-06-30,2022-04-18,3680888.01,4.3030505e+06
fold2_2021H2-2022,2021-06-30,2022-04-19,4426735.65,3.8155285e+06
fold2_2021H2-2022,2021-06-30,2022-04-20,4874458.71,5.0665055e+06
fold2_2021H2-2022,2021-06-30,2022-04-21,2926459.0,4.7355045e+06
fold2_2021H2-2022,2021-06-30,2022-04-22,4609506.19,4.0233188e+06
fold2_2021H2-2022,2021-06-30,2022-04-23,4709847.04,3.8686862e+06
fold2_2021H2-2022,2021-06-30,2022-04-24,5020542.99,4.347404e+06
fold2_2021H2-2022,2021-06-30,2022-04-25,4873788.42,4.433868e+06
fold2_2021H2-2022,2021-06-30,2022-04-26,5688161.6,4.4838705e+06
fold2_2021H2-2022,2021-06-30,2022-04-27,5361513.76,6.037327e+06
fold2_2021H2-2022,2021-06-30,2022-04-28,5590934.3,6.130781e+06
fold2_2021H2-2022,2021-06-30,2022-04-29,7579535.07,8.3065915e+06
fold2_2021H2-2022,2021-06-30,2022-04-30,6592777.23,6.8186185e+06
fold2_2021H2-2022,2021-06-30,2022-05-01,5680859.44,6.671403e+06
fold2_2021H2-2022,2021-06-30,2022-05-02,4291036.44,5.823087e+06
fold2_2021H2-2022,2021-06-30,2022-05-03,5504853.65,3.991088e+06
fold2_2021H2-2022,2021-06-30,2022-05-04,1792730.62,2.4550378e+06
fold2_2021H2-2022,2021-06-30,2022-05-05,3556300.98,2.5119272e+06
fold2_2021H2-2022,2021-06-30,2022-05-06,2532060.94,2.758494e+06
fold2_2021H2-2022,2021-06-30,2022-05-07,3620303.23,2.5434112e+06
fold2_2021H2-2022,2021-06-30,2022-05-08,2468343.71,2.9949165e+06
fold2_2021H2-2022,2021-06-30,2022-05-09,2985986.67,3.3304202e+06
fold2_2021H2-2022,2021-06-30,2022-05-10,3668495.19,2.851206e+06
fold2_2021H2-2022,2021-06-30,2022-05-11,4347378.73,3.8148768e+06
fold2_2021H2-2022,2021-06-30,2022-05-12,4753134.02,4.478793e+06
fold2_2021H2-2022,2021-06-30,2022-05-13,3479131.38,4.759827e+06
fold2_2021H2-2022,2021-06-30,2022-05-14,4406804.98,3.8670525e+06
fold2_2021H2-2022,2021-06-30,2022-05-15,4455089.7,4.167693e+06
fold2_2021H2-2022,2021-06-30,2022-05-16,4323621.35,4.0589522e+06
fold2_2021H2-2022,2021-06-30,2022-05-17,4158982.96,4.009939e+06
fold2_2021H2-2022,2021-06-30,2022-05-18,6094171.87,4.252622e+06
fold2_2021H2-2022,2021-06-30,2022-05-19,5824908.18,4.4954265e+06
fold2_2021H2-2022,2021-06-30,2022-05-20,2226534.2,4.7140875e+06
fold2_2021H2-2022,2021-06-30,2022-05-21,4033154.28,3.6925478e+06
fold2_2021H2-2022,2021-06-30,2022-05-22,5000275.74,4.2580595e+06
fold2_2021H2-2022,2021-06-30,2022-05-23,3647180.26,4.010922e+06
fold2_2021H2-2022,2021-06-30,2022-05-24,4442598.36,3.8090422e+06
fold2_2021H2-2022,2021-06-30,2022-05-25,6573956.43,4.409541e+06
fold2_2021H2-2022,2021-06-30,2022-05-26,6284218.49,5.296735e+06
fold2_2021H2-2022,2021-06-30,2022-05-27,3652675.9,5.2486085e+06
fold2_2021H2-2022,2021-06-30,2022-05-28,3223975.84,4.349432e+06
fold2_2021H2-2022,2021-06-30,2022-05-29,5327455.25,4.96626e+06
fold2_2021H2-2022,2021-06-30,2022-05-30,8158502.0,7.8445385e+06
fold2_2021H2-2022,2021-06-30,2022-05-31,8513166.37,7.877509e+06
fold2_2021H2-2022,2021-06-30,2022-06-01,8373363.4,8.656125e+06
fold2_2021H2-2022,2021-06-30,2022-06-02,8325437.52,7.545134e+06
fold2_2021H2-2022,2021-06-30,2022-06-03,6585522.44,5.832975e+06
fold2_2021H2-2022,2021-06-30,2022-06-04,2998952.42,2.462755e+06
fold2_2021H2-2022,2021-06-30,2022-06-05,2945501.79,2.820419e+06
fold2_2021H2-2022,2021-06-30,2022-06-06,3100859.0,3.0888335e+06
fold2_2021H2-2022,2021-06-30,2022-06-07,3673238.8,3.1589542e+06
fold2_2021H2-2022,2021-06-30,2022-06-08,3686799.9,3.6072198e+06
fold2_2021H2-2022,2021-06-30,2022-06-09,2619038.14,3.829315e+06
fold2_2021H2-2022,2021-06-30,2022-06-10,3369544.01,3.5497678e+06
fold2_2021H2-2022,2021-06-30,2022-06-11,4463584.56,3.1319982e+06
fold2_2021H2-2022,2021-06-30,2022-06-12,4561669.81,3.7497308e+06
fold2_2021H2-2022,2021-06-30,2022-06-13,4221162.05,3.3237698e+06
fold2_2021H2-2022,2021-06-30,2022-06-14,4843640.76,3.5051808e+06
fold2_2021H2-2022,2021-06-30,2022-06-15,4969823.53,4.6086245e+06
fold2_2021H2-2022,2021-06-30,2022-06-16,4143877.35,4.4301565e+06
fold2_2021H2-2022,2021-06-30,2022-06-17,4914374.7,3.9573222e+06
fold2_2021H2-2022,2021-06-30,2022-06-18,4817780.87,3.8710448e+06
fold2_2021H2-2022,2021-06-30,2022-06-19,3795086.21,3.8417185e+06
fold2_2021H2-2022,2021-06-30,2022-06-20,3323030.57,3.4687872e+06
fold2_2021H2-2022,2021-06-30,2022-06-21,4271838.09,3.3910098e+06
fold2_2021H2-2022,2021-06-30,2022-06-22,5182306.11,4.51765e+06
fold2_2021H2-2022,2021-06-30,2022-06-23,3276933.23,4.1812128e+06
fold2_2021H2-2022,2021-06-30,2022-06-24,4334289.08,3.7509435e+06
fold2_2021H2-2022,2021-06-30,2022-06-25,3650772.37,3.5782162e+06
fold2_2021H2-2022,2021-06-30,2022-06-26,3313898.55,3.69291e+06
fold2_2021H2-2022,2021-06-30,2022-06-27,3481464.68,3.8252082e+06
fold2_2021H2-2022,2021-06-30,2022-06-28,5799352.35,3.9960698e+06
fold2_2021H2-2022,2021-06-30,2022-06-29,7265484.49,6.5237245e+06
fold2_2021H2-2022,2021-06-30,2022-06-30,5503799.91,5.4803775e+06
fold2_2021H2-2022,2021-06-30,2022-07-01,5150082.22,5.6369045e+06
fold2_2021H2-2022,2021-06-30,2022-07-02,4591824.74,4.4525755e+06
fold2_2021H2-2022,2021-06-30,2022-07-03,3487232.0,5.0262675e+06
fold2_2021H2-2022,2021-06-30,2022-07-04,1208545.64,1.4575485e+06
fold2_2021H2-2022,2021-06-30,2022-07-05,1079245.09,963488.25
fold2_2021H2-2022,2021-06-30,2022-07-06,2003115.26,1.4454529e+06
fold2_2021H2-2022,2021-06-30,2022-07-07,2178171.4,2.1339705e+06
fold2_2021H2-2022,2021-06-30,2022-07-08,1881078.1,2.0941352e+06
fold2_2021H2-2022,2021-06-30,2022-07-09,1988747.3,1.9570988e+06
fold2_2021H2-2022,2021-06-30,2022-07-10,2250020.87,2.5281132e+06
fold2_2021H2-2022,2021-06-30,2022-07-11,3085208.06,2.7227555e+06
fold2_2021H2-2022,2021-06-30,2022-07-12,3275001.85,2.4520892e+06
fold2_2021H2-2022,2021-06-30,2022-07-13,3331997.68,2.3435002e+06
fold2_2021H2-2022,2021-06-30,2022-07-14,3428606.64,2.8295762e+06
fold2_2021H2-2022,2021-06-30,2022-07-15,3272104.3,2.5534025e+06
fold2_2021H2-2022,2021-06-30,2022-07-16,3060600.17,2.4888592e+06
fold2_2021H2-2022,2021-06-30,2022-07-17,3238870.01,3.124871e+06
fold2_2021H2-2022,2021-06-30,2022-07-18,3305333.1,3.1799798e+06
fold2_2021H2-2022,2021-06-30,2022-07-19,3101945.44,2.3033578e+06
fold2_2021H2-2022,2021-06-30,2022-07-20,3436240.82,3.1842312e+06
fold2_2021H2-2022,2021-06-30,2022-07-21,3596036.01,3.035779e+06
fold2_2021H2-2022,2021-06-30,2022-07-22,2771453.13,3.313585e+06
fold2_2021H2-2022,2021-06-30,2022-07-23,4190232.53,2.888788e+06
fold2_2021H2-2022,2021-06-30,2022-07-24,3833852.9,3.7582872e+06
fold2_2021H2-2022,2021-06-30,2022-07-25,2614143.21,3.8627435e+06
fold2_2021H2-2022,2021-06-30,2022-07-26,3176075.37,2.8966698e+06
fold2_2021H2-2022,2021-06-30,2022-07-27,4214912.76,2.9811102e+06
fold2_2021H2-2022,2021-06-30,2022-07-28,4859620.98,3.434124e+06
fold2_2021H2-2022,2021-06-30,2022-07-29,3226100.81,3.1908428e+06
fold2_2021H2-2022,2021-06-30,2022-07-30,2682461.47,3.2278985e+06
fold2_2021H2-2022,2021-06-30,2022-07-31,4622917.86,4.615768e+06
fold2_2021H2-2022,2021-06-30,2022-08-01,4081818.17,6.0082345e+06
fold2_2021H2-2022,2021-06-30,2022-08-02,4490226.96,5.550581e+06
fold2_2021H2-2022,2021-06-30,2022-08-03,5085558.26,5.401266e+06
fold2_2021H2-2022,2021-06-30,2022-08-04,4345026.44,4.7813785e+06
fold2_2021H2-2022,2021-06-30,2022-08-05,2114789.45,2.5207222e+06
fold2_2021H2-2022,2021-06-30,2022-08-06,2325289.52,2.2172692e+06
fold2_2021H2-2022,2021-06-30,2022-08-07,2331541.43,2.9833002e+06
fold2_2021H2-2022,2021-06-30,2022-08-08,3054473.91,2.78206e+06
fold2_2021H2-2022,2021-06-30,2022-08-09,2488386.71,2.2057222e+06
fold2_2021H2-2022,2021-06-30,2022-08-10,2963483.62,2.6874258e+06
fold2_2021H2-2022,2021-06-30,2022-08-11,3674343.1,3.3819635e+06
fold2_2021H2-2022,2021-06-30,2022-08-12,2787707.25,2.5567675e+06
fold2_2021H2-2022,2021-06-30,2022-08-13,1789226.45,3.044233e+06
fold2_2021H2-2022,2021-06-30,2022-08-14,2557373.24,3.56667e+06
fold2_2021H2-2022,2021-06-30,2022-08-15,3869248.63,3.1829832e+06
fold2_2021H2-2022,2021-06-30,2022-08-16,3139997.28,2.5065788e+06
fold2_2021H2-2022,2021-06-30,2022-08-17,3480892.06,2.9020612e+06
fold2_2021H2-2022,2021-06-30,2022-08-18,4171974.77,3.5756408e+06
fold2_2021H2-2022,2021-06-30,2022-08-19,2011108.63,3.245663e+06
fold2_2021H2-2022,2021-06-30,2022-08-20,2479005.37,3.0727475e+06
fold2_2021H2-2022,2021-06-30,2022-08-21,2235990.02,3.4299412e+06
fold2_2021H2-2022,2021-06-30,2022-08-22,3743695.22,3.795596e+06
fold2_2021H2-2022,2021-06-30,2022-08-23,2422220.1,2.4835055e+06
fold2_2021H2-2022,2021-06-30,2022-08-24,3292983.26,2.8957055e+06
fold2_2021H2-2022,2021-06-30,2022-08-25,3512475.16,3.595926e+06
fold2_2021H2-2022,2021-06-30,2022-08-26,3544046.7,2.4046662e+06
fold2_2021H2-2022,2021-06-30,2022-08-27,2367664.33,3.0367952e+06
fold2_2021H2-2022,2021-06-30,2022-08-28,7051722.27,4.978499e+06
fold2_2021H2-2022,2021-06-30,2022-08-29,7928796.83,6.2614855e+06
fold2_2021H2-2022,2021-06-30,2022-08-30,6574345.89,6.765962e+06
fold2_2021H2-2022,2021-06-30,2022-08-31,7627532.44,8.3518055e+06
fold2_2021H2-2022,2021-06-30,2022-09-01,6284732.49,6.0463965e+06
fold2_2021H2-2022,2021-06-30,2022-09-02,1902817.9,2.5838732e+06
fold2_2021H2-2022,2021-06-30,2022-09-03,1443083.36,1.3895629e+06
fold2_2021H2-2022,2021-06-30,2022-09-04,1814811.35,1.1192402e+06
fold2_2021H2-2022,2021-06-30,2022-09-05,2214621.47,1.6707386e+06
fold2_2021H2-2022,2021-06-30,2022-09-06,1440405.44,1.707126e+06
fold2_2021H2-2022,2021-06-30,2022-09-07,1890879.55,1.9437602e+06
fold2_2021H2-2022,2021-06-30,2022-09-08,3137260.99,2.0947144e+06
fold2_2021H2-2022,2021-06-30,2022-09-09,1905843.43,2.317961e+06
fold2_2021H2-2022,2021-06-30,2022-09-10,3003150.84,1.7741061e+06
fold2_2021H2-2022,2021-06-30,2022-09-11,3574194.77,2.5327878e+06
fold2_2021H2-2022,2021-06-30,2022-09-12,3415849.51,2.0643366e+06
fold2_2021H2-2022,2021-06-30,2022-09-13,2521208.91,2.467784e+06
fold2_2021H2-2022,2021-06-30,2022-09-14,2125189.04,2.0233702e+06
fold2_2021H2-2022,2021-06-30,2022-09-15,3154006.65,2.2432215e+06
fold2_2021H2-2022,2021-06-30,2022-09-16,2557894.76,2.4901125e+06
fold2_2021H2-2022,2021-06-30,2022-09-17,1810510.0,1.8254801e+06
fold2_2021H2-2022,2021-06-30,2022-09-18,2355578.71,2.0027172e+06
fold2_2021H2-2022,2021-06-30,2022-09-19,2832515.44,2.6724692e+06
fold2_2021H2-2022,2021-06-30,2022-09-20,1813002.77,1.9957011e+06
fold2_2021H2-2022,2021-06-30,2022-09-21,2262085.02,2.5888088e+06
fold2_2021H2-2022,2021-06-30,2022-09-22,3106149.95,2.6171872e+06
fold2_2021H2-2022,2021-06-30,2022-09-23,2634119.24,2.4679532e+06
fold2_2021H2-2022,2021-06-30,2022-09-24,2896411.14,2.2803798e+06
fold2_2021H2-2022,2021-06-30,2022-09-25,3041369.47,2.2941195e+06
fold2_2021H2-2022,2021-06-30,2022-09-26,5205389.57,2.870736e+06
fold2_2021H2-2022,2021-06-30,2022-09-27,4259834.95,3.1903378e+06
fold2_2021H2-2022,2021-06-30,2022-09-28,4257301.76,3.919403e+06
fold2_2021H2-2022,2021-06-30,2022-09-29,4352754.23,4.0459435e+06
fold2_2021H2-2022,2021-06-30,2022-09-30,2551313.88,3.4814872e+06
fold2_2021H2-2022,2021-06-30,2022-10-01,1469771.93,2.8495615e+06
fold2_2021H2-2022,2021-06-30,2022-10-02,1289798.82,1.2275965e+06
fold2_2021H2-2022,2021-06-30,2022-10-03,2179072.88,988456.4
fold2_2021H2-2022,2021-06-30,2022-10-04,2751920.12,1.531896e+06
fold2_2021H2-2022,2021-06-30,2022-10-05,1527341.84,1.3561082e+06
fold2_2021H2-2022,2021-06-30,2022-10-06,2026518.43,1.5249576e+06
fold2_2021H2-2022,2021-06-30,2022-10-07,1406363.3,1.6086424e+06
fold2_2021H2-2022,2021-06-30,2022-10-08,2137543.63,1.4719378e+06
fold2_2021H2-2022,2021-06-30,2022-10-09,1805775.79,1.3969132e+06
fold2_2021H2-2022,2021-06-30,2022-10-10,2356440.12,1.4433784e+06
fold2_2021H2-2022,2021-06-30,2022-10-11,2270162.6,1.8361569e+06
fold2_2021H2-2022,2021-06-30,2022-10-12,1976207.14,1.4156311e+06
fold2_2021H2-2022,2021-06-30,2022-10-13,2430819.33,1.6633205e+06
fold2_2021H2-2022,2021-06-30,2022-10-14,1927818.67,1.8937889e+06
fold2_2021H2-2022,2021-06-30,2022-10-15,1986495.19,1.9302328e+06
fold2_2021H2-2022,2021-06-30,2022-10-16,1897952.11,1.5695346e+06
fold2_2021H2-2022,2021-06-30,2022-10-17,2507328.8,1.7067728e+06
fold2_2021H2-2022,2021-06-30,2022-10-18,3170696.65,1.8719666e+06
fold2_2021H2-2022,2021-06-30,2022-10-19,2324314.45,2.3650495e+06
fold2_2021H2-2022,2021-06-30,2022-10-20,2591151.06,2.0684591e+06
fold2_2021H2-2022,2021-06-30,2022-10-21,2662328.56,2.1135288e+06
fold2_2021H2-2022,2021-06-30,2022-10-22,2407124.47,1.9568395e+06
fold2_2021H2-2022,2021-06-30,2022-10-23,1971627.46,1.9080798e+06
fold2_2021H2-2022,2021-06-30,2022-10-24,2678456.17,1.7093154e+06
fold2_2021H2-2022,2021-06-30,2022-10-25,3003375.87,2.6334462e+06
fold2_2021H2-2022,2021-06-30,2022-10-26,2345490.55,2.1923715e+06
fold2_2021H2-2022,2021-06-30,2022-10-27,2493935.72,2.251574e+06
fold2_2021H2-2022,2021-06-30,2022-10-28,4210212.53,3.1770515e+06
fold2_2021H2-2022,2021-06-30,2022-10-29,3626939.26,3.3652655e+06
fold2_2021H2-2022,2021-06-30,2022-10-30,3130677.4,3.2495282e+06
fold2_2021H2-2022,2021-06-30,2022-10-31,4630791.46,3.2847615e+06
fold2_2021H2-2022,2021-06-30,2022-11-01,3025164.28,3.0331225e+06
fold2_2021H2-2022,2021-06-30,2022-11-02,1338326.56,1.4485469e+06
fold2_2021H2-2022,2021-06-30,2022-11-03,1253721.23,1.2470188e+06
fold2_2021H2-2022,2021-06-30,2022-11-04,1065066.0,1.0021253e+06
fold2_2021H2-2022,2021-06-30,2022-11-05,1826120.07,1.3452228e+06
fold2_2021H2-2022,2021-06-30,2022-11-06,2207719.98,1.2883532e+06
fold2_2021H2-2022,2021-06-30,2022-11-07,1655852.99,1.3324228e+06
fold2_2021H2-2022,2021-06-30,2022-11-08,1781413.12,1.121606e+06
fold2_2021H2-2022,2021-06-30,2022-11-09,845358.47,1.5457774e+06
fold2_2021H2-2022,2021-06-30,2022-11-10,2079598.87,1.8680396e+06
fold2_2021H2-2022,2021-06-30,2022-11-11,1581745.15,1.5869472e+06
fold2_2021H2-2022,2021-06-30,2022-11-12,1354235.95,1.6698928e+06
fold2_2021H2-2022,2021-06-30,2022-11-13,2903552.41,1.8926985e+06
fold2_2021H2-2022,2021-06-30,2022-11-14,1656739.7,1.9137582e+06
fold2_2021H2-2022,2021-06-30,2022-11-15,1547150.37,1.6987928e+06
fold2_2021H2-2022,2021-06-30,2022-11-16,1436853.58,1.6696969e+06
fold2_2021H2-2022,2021-06-30,2022-11-17,1542318.91,1.7490032e+06
fold2_2021H2-2022,2021-06-30,2022-11-18,2067584.69,1.7073751e+06
fold2_2021H2-2022,2021-06-30,2022-11-19,1496563.56,1.3969465e+06
fold2_2021H2-2022,2021-06-30,2022-11-20,1857748.24,1.3676282e+06
fold2_2021H2-2022,2021-06-30,2022-11-21,1349907.06,1.6934469e+06
fold2_2021H2-2022,2021-06-30,2022-11-22,853188.02,1.2785015e+06
fold2_2021H2-2022,2021-06-30,2022-11-23,1060969.69,1.1183569e+06
fold2_2021H2-2022,2021-06-30,2022-11-24,1729664.2,1.1640932e+06
fold2_2021H2-2022,2021-06-30,2022-11-25,1527923.9,1.2673659e+06
fold2_2021H2-2022,2021-06-30,2022-11-26,2035639.78,1.2519748e+06
fold2_2021H2-2022,2021-06-30,2022-11-27,3138619.13,1.3514552e+06
fold2_2021H2-2022,2021-06-30,2022-11-28,2104917.42,1.9759504e+06
fold2_2021H2-2022,2021-06-30,2022-11-29,2558728.79,1.7388398e+06
fold2_2021H2-2022,2021-06-30,2022-11-30,1317689.52,1.5245448e+06
fold2_2021H2-2022,2021-06-30,2022-12-01,1668445.9,1.1957414e+06
fold2_2021H2-2022,2021-06-30,2022-12-02,720381.04,762450.1
fold2_2021H2-2022,2021-06-30,2022-12-03,753704.17,582499.5
fold2_2021H2-2022,2021-06-30,2022-12-04,664409.51,648841.75
fold2_2021H2-2022,2021-06-30,2022-12-05,1607335.1,736267.56
fold2_2021H2-2022,2021-06-30,2022-12-06,1436188.44,799812.5
fold2_2021H2-2022,2021-06-30,2022-12-07,760218.13,828423.06
fold2_2021H2-2022,2021-06-30,2022-12-08,818209.67,819790.5
fold2_2021H2-2022,2021-06-30,2022-12-09,1323267.85,1.1429808e+06
fold2_2021H2-2022,2021-06-30,2022-12-10,1598936.84,969292.6
fold2_2021H2-2022,2021-06-30,2022-12-11,1420910.74,824965.1
fold2_2021H2-2022,2021-06-30,2022-12-12,1983085.06,892170.2
fold2_2021H2-2022,2021-06-30,2022-12-13,1652309.19,1.1858581e+06
fold2_2021H2-2022,2021-06-30,2022-12-14,1662243.59,1.0977368e+06
fold2_2021H2-2022,2021-06-30,2022-12-15,1494318.64,1.1964179e+06
fold2_2021H2-2022,2021-06-30,2022-12-16,1482192.97,1.5690781e+06
fold2_2021H2-2022,2021-06-30,2022-12-17,1302193.74,1.1947862e+06
fold2_2021H2-2022,2021-06-30,2022-12-18,2201374.59,1.0950922e+06
fold2_2021H2-2022,2021-06-30,2022-12-19,2250767.39,1.5382935e+06
fold2_2021H2-2022,2021-06-30,2022-12-20,2026810.08,1.7437736e+06
fold2_2021H2-2022,2021-06-30,2022-12-21,1795395.02,1.8178188e+06
fold2_2021H2-2022,2021-06-30,2022-12-22,1791622.46,1.8974714e+06
fold2_2021H2-2022,2021-06-30,2022-12-23,1501209.11,1.5856991e+06
fold2_2021H2-2022,2021-06-30,2022-12-24,1390870.89,1.441223e+06
fold2_2021H2-2022,2021-06-30,2022-12-25,1136772.53,1.0807034e+06
fold2_2021H2-2022,2021-06-30,2022-12-26,2110830.12,1.3091274e+06
fold2_2021H2-2022,2021-06-30,2022-12-27,2100553.66,1.7126424e+06
fold2_2021H2-2022,2021-06-30,2022-12-28,3448729.2,2.742067e+06
fold2_2021H2-2022,2021-06-30,2022-12-29,3083944.33,3.4067598e+06
fold2_2021H2-2022,2021-06-30,2022-12-30,2884668.76,3.1266982e+06
fold2_2021H2-2022,2021-06-30,2022-12-31,2383037.48,2.5716528e+06
fold3_test_proxy,2021-12-31,2022-01-01,2932155.47,2.219154e+06
fold3_test_proxy,2021-12-31,2022-01-02,2361965.0,758219.2
fold3_test_proxy,2021-12-31,2022-01-03,545563.72,857955.7
fold3_test_proxy,2021-12-31,2022-01-04,1242319.38,903703.2
fold3_test_proxy,2021-12-31,2022-01-05,809977.6,1.2584029e+06
fold3_test_proxy,2021-12-31,2022-01-06,993048.62,1.0602576e+06
fold3_test_proxy,2021-12-31,2022-01-07,1294963.64,1.0490551e+06
fold3_test_proxy,2021-12-31,2022-01-08,1641747.05,1.2135829e+06
fold3_test_proxy,2021-12-31,2022-01-09,1706485.37,1.3216554e+06
fold3_test_proxy,2021-12-31,2022-01-10,2569113.21,1.2185035e+06
fold3_test_proxy,2021-12-31,2022-01-11,1640806.35,1.5488882e+06
fold3_test_proxy,2021-12-31,2022-01-12,1775526.5,1.3420076e+06
fold3_test_proxy,2021-12-31,2022-01-13,1173172.99,1.6214339e+06
fold3_test_proxy,2021-12-31,2022-01-14,1548726.82,1.2984764e+06
fold3_test_proxy,2021-12-31,2022-01-15,1461990.71,1.2510689e+06
fold3_test_proxy,2021-12-31,2022-01-16,2064339.13,1.3865566e+06
fold3_test_proxy,2021-12-31,2022-01-17,1621773.2,1.8497412e+06
fold3_test_proxy,2021-12-31,2022-01-18,1861205.18,1.8413211e+06
fold3_test_proxy,2021-12-31,2022-01-19,2020862.53,1.74152e+06
fold3_test_proxy,2021-12-31,2022-01-20,1249233.56,1.8987948e+06
fold3_test_proxy,2021-12-31,2022-01-21,1580948.85,1.6548004e+06
fold3_test_proxy,2021-12-31,2022-01-22,1758593.8,1.7216081e+06
fold3_test_proxy,2021-12-31,2022-01-23,1785338.17,1.5974259e+06
fold3_test_proxy,2021-12-31,2022-01-24,1915906.28,2.1513925e+06
fold3_test_proxy,2021-12-31,2022-01-25,2471179.3,1.9123189e+06
fold3_test_proxy,2021-12-31,2022-01-26,2278973.82,2.2878205e+06
fold3_test_proxy,2021-12-31,2022-01-27,1604489.99,2.51078e+06
fold3_test_proxy,2021-12-31,2022-01-28,2792317.48,2.3914405e+06
fold3_test_proxy,2021-12-31,2022-01-29,3897632.5,2.454408e+06
fold3_test_proxy,2021-12-31,2022-01-30,3903300.55,2.4312695e+06
fold3_test_proxy,2021-12-31,2022-01-31,3159829.55,2.2303372e+06
fold3_test_proxy,2021-12-31,2022-02-01,3672475.88,1.9925612e+06
fold3_test_proxy,2021-12-31,2022-02-02,3072419.17,1.2550351e+06
fold3_test_proxy,2021-12-31,2022-02-03,1056919.3,1.3631608e+06
fold3_test_proxy,2021-12-31,2022-02-04,1135262.35,1.338286e+06
fold3_test_proxy,2021-12-31,2022-02-05,1325806.77,1.7190719e+06
fold3_test_proxy,2021-12-31,2022-02-06,1360544.32,1.6831985e+06
fold3_test_proxy,2021-12-31,2022-02-07,1777072.87,1.8335881e+06
fold3_test_proxy,2021-12-31,2022-02-08,2324022.32,1.732905e+06
fold3_test_proxy,2021-12-31,2022-02-09,2087968.13,1.7432746e+06
fold3_test_proxy,2021-12-31,2022-02-10,1681958.09,2.0687235e+06
fold3_test_proxy,2021-12-31,2022-02-11,1868277.55,1.8046498e+06
fold3_test_proxy,2021-12-31,2022-02-12,2483675.48,1.8644231e+06
fold3_test_proxy,2021-12-31,2022-02-13,2471088.82,2.143549e+06
fold3_test_proxy,2021-12-31,2022-02-14,2477651.08,2.8528408e+06
fold3_test_proxy,2021-12-31,2022-02-15,2911470.49,2.3483192e+06
fold3_test_proxy,2021-12-31,2022-02-16,3189077.73,2.3276415e+06
fold3_test_proxy,2021-12-31,2022-02-17,2365001.98,2.492327e+06
fold3_test_proxy,2021-12-31,2022-02-18,2218074.92,2.3031008e+06
fold3_test_proxy,2021-12-31,2022-02-19,2497284.24,2.0876805e+06
fold3_test_proxy,2021-12-31,2022-02-20,3274514.0,2.546705e+06
fold3_test_proxy,2021-12-31,2022-02-21,3231879.49,2.7210262e+06
fold3_test_proxy,2021-12-31,2022-02-22,3646117.64,2.7025045e+06
fold3_test_proxy,2021-12-31,2022-02-23,3297595.34,3.6023272e+06
fold3_test_proxy,2021-12-31,2022-02-24,2768850.97,3.7468425e+06
fold3_test_proxy,2021-12-31,2022-02-25,2943786.98,4.1149015e+06
fold3_test_proxy,2021-12-31,2022-02-26,6304749.98,3.4307035e+06
fold3_test_proxy,2021-12-31,2022-02-27,5652340.75,3.311582e+06
fold3_test_proxy,2021-12-31,2022-02-28,6007208.86,2.5764472e+06
fold3_test_proxy,2021-12-31,2022-03-01,4532724.33,1.803313e+06
fold3_test_proxy,2021-12-31,2022-03-02,5221766.09,742484.56
fold3_test_proxy,2021-12-31,2022-03-03,1113577.08,1.0830175e+06
fold3_test_proxy,2021-12-31,2022-03-04,1265611.41,1.5276696e+06
fold3_test_proxy,2021-12-31,2022-03-05,1917604.21,1.4966809e+06
fold3_test_proxy,2021-12-31,2022-03-06,2406752.08,2.2478255e+06
fold3_test_proxy,2021-12-31,2022-03-07,3077438.94,1.9735305e+06
fold3_test_proxy,2021-12-31,2022-03-08,3777839.97,2.3660965e+06
fold3_test_proxy,2021-12-31,2022-03-09,4138590.91,3.17847e+06
fold3_test_proxy,2021-12-31,2022-03-10,3544992.79,3.2521512e+06
fold3_test_proxy,2021-12-31,2022-03-11,3499825.21,2.734499e+06
fold3_test_proxy,2021-12-31,2022-03-12,3731020.06,3.056929e+06
fold3_test_proxy,2021-12-31,2022-03-13,4026635.22,3.4318062e+06
fold3_test_proxy,2021-12-31,2022-03-14,4709281.9,3.581347e+06
fold3_test_proxy,2021-12-31,2022-03-15,4619237.89,3.6301932e+06
fold3_test_proxy,2021-12-31,2022-03-16,4519934.96,3.972076e+06
fold3_test_proxy,2021-12-31,2022-03-17,5222281.22,4.8234225e+06
fold3_test_proxy,2021-12-31,2022-03-18,4426435.98,4.15017e+06
fold3_test_proxy,2021-12-31,2022-03-19,4313906.61,3.621977e+06
fold3_test_proxy,2021-12-31,2022-03-20,4198964.15,3.8813172e+06
fold3_test_proxy,2021-12-31,2022-03-21,4036051.82,4.1255145e+06
fold3_test_proxy,2021-12-31,2022-03-22,4626820.15,4.0375758e+06
fold3_test_proxy,2021-12-31,2022-03-23,5301842.45,4.626702e+06
fold3_test_proxy,2021-12-31,2022-03-24,5052034.89,5.0907705e+06
fold3_test_proxy,2021-12-31,2022-03-25,4122489.22,4.1252355e+06
fold3_test_proxy,2021-12-31,2022-03-26,4325007.4,4.053243e+06
fold3_test_proxy,2021-12-31,2022-03-27,5169170.11,4.141069e+06
fold3_test_proxy,2021-12-31,2022-03-28,4855258.01,4.5505345e+06
fold3_test_proxy,2021-12-31,2022-03-29,4908504.49,4.5158885e+06
fold3_test_proxy,2021-12-31,2022-03-30,11643208.73,9.602369e+06
fold3_test_proxy,2021-12-31,2022-03-31,9233141.0,9.793962e+06
fold3_test_proxy,2021-12-31,2022-04-01,8299060.74,9.541828e+06
fold3_test_proxy,2021-12-31,2022-04-02,8289456.22,9.085966e+06
fold3_test_proxy,2021-12-31,2022-04-03,6547965.12,8.33954e+06
fold3_test_proxy,2021-12-31,2022-04-04,1974536.55,2.6953158e+06
fold3_test_proxy,2021-12-31,2022-04-05,3017582.3,2.6274285e+06
fold3_test_proxy,2021-12-31,2022-04-06,2934004.6,3.0369402e+06
fold3_test_proxy,2021-12-31,2022-04-07,1947894.58,2.969018e+06
fold3_test_proxy,2021-12-31,2022-04-08,2516364.3,2.887317e+06
fold3_test_proxy,2021-12-31,2022-04-09,3523261.24,3.3483912e+06
fold3_test_proxy,2021-12-31,2022-04-10,3747690.93,3.181111e+06
fold3_test_proxy,2021-12-31,2022-04-11,4187283.4,3.4070035e+06
fold3_test_proxy,2021-12-31,2022-04-12,4300020.35,3.653442e+06
fold3_test_proxy,2021-12-31,2022-04-13,4888627.31,4.0233652e+06
fold3_test_proxy,2021-12-31,2022-04-14,4670014.27,4.730891e+06
fold3_test_proxy,2021-12-31,2022-04-15,4908291.49,3.8490935e+06
fold3_test_proxy,2021-12-31,2022-04-16,5147946.06,3.9559602e+06
fold3_test_proxy,2021-12-31,2022-04-17,4470361.38,4.254857e+06
fold3_test_proxy,2021-12-31,2022-04-18,3680888.01,4.465482e+06
fold3_test_proxy,2021-12-31,2022-04-19,4426735.65,4.0169355e+06
fold3_test_proxy,2021-12-31,2022-04-20,4874458.71,5.454583e+06
fold3_test_proxy,2021-12-31,2022-04-21,2926459.0,4.910724e+06
fold3_test_proxy,2021-12-31,2022-04-22,4609506.19,4.1888678e+06
fold3_test_proxy,2021-12-31,2022-04-23,4709847.04,4.267308e+06
fold3_test_proxy,2021-12-31,2022-04-24,5020542.99,4.715122e+06
fold3_test_proxy,2021-12-31,2022-04-25,4873788.42,4.635973e+06
fold3_test_proxy,2021-12-31,2022-04-26,5688161.6,4.5694125e+06
fold3_test_proxy,2021-12-31,2022-04-27,5361513.76,6.3934035e+06
fold3_test_proxy,2021-12-31,2022-04-28,5590934.3,6.328658e+06
fold3_test_proxy,2021-12-31,2022-04-29,7579535.07,8.52516e+06
fold3_test_proxy,2021-12-31,2022-04-30,6592777.23,7.3381445e+06
fold3_test_proxy,2021-12-31,2022-05-01,5680859.44,7.8685825e+06
fold3_test_proxy,2021-12-31,2022-05-02,4291036.44,6.61445e+06
fold3_test_proxy,2021-12-31,2022-05-03,5504853.65,4.2825885e+06
fold3_test_proxy,2021-12-31,2022-05-04,1792730.62,3.0892102e+06
fold3_test_proxy,2021-12-31,2022-05-05,3556300.98,2.84424e+06
fold3_test_proxy,2021-12-31,2022-05-06,2532060.94,2.8858335e+06
fold3_test_proxy,2021-12-31,2022-05-07,3620303.23,2.756435e+06
fold3_test_proxy,2021-12-31,2022-05-08,2468343.71,3.3316905e+06
fold3_test_proxy,2021-12-31,2022-05-09,2985986.67,3.66239e+06
fold3_test_proxy,2021-12-31,2022-05-10,3668495.19,2.9277388e+06
fold3_test_proxy,2021-12-31,2022-05-11,4347378.73,4.2045005e+06
fold3_test_proxy,2021-12-31,2022-05-12,4753134.02,4.6515575e+06
fold3_test_proxy,2021-12-31,2022-05-13,3479131.38,4.731676e+06
fold3_test_proxy,2021-12-31,2022-05-14,4406804.98,3.905124e+06
fold3_test_proxy,2021-12-31,2022-05-15,4455089.7,4.310517e+06
fold3_test_proxy,2021-12-31,2022-05-16,4323621.35,4.39333e+06
fold3_test_proxy,2021-12-31,2022-05-17,4158982.96,4.0034315e+06
fold3_test_proxy,2021-12-31,2022-05-18,6094171.87,4.591752e+06
fold3_test_proxy,2021-12-31,2022-05-19,5824908.18,4.694984e+06
fold3_test_proxy,2021-12-31,2022-05-20,2226534.2,4.6480545e+06
fold3_test_proxy,2021-12-31,2022-05-21,4033154.28,3.7684512e+06
fold3_test_proxy,2021-12-31,2022-05-22,5000275.74,4.416287e+06
fold3_test_proxy,2021-12-31,2022-05-23,3647180.26,4.3154035e+06
fold3_test_proxy,2021-12-31,2022-05-24,4442598.36,3.7540532e+06
fold3_test_proxy,2021-12-31,2022-05-25,6573956.43,4.6720745e+06
fold3_test_proxy,2021-12-31,2022-05-26,6284218.49,5.64055e+06
fold3_test_proxy,2021-12-31,2022-05-27,3652675.9,5.308417e+06
fold3_test_proxy,2021-12-31,2022-05-28,3223975.84,4.728577e+06
fold3_test_proxy,2021-12-31,2022-05-29,5327455.25,5.2509015e+06
fold3_test_proxy,2021-12-31,2022-05-30,8158502.0,8.426586e+06
fold3_test_proxy,2021-12-31,2022-05-31,8513166.37,7.7194735e+06
fold3_test_proxy,2021-12-31,2022-06-01,8373363.4,8.810806e+06
fold3_test_proxy,2021-12-31,2022-06-02,8325437.52,8.803842e+06
fold3_test_proxy,2021-12-31,2022-06-03,6585522.44,5.955194e+06
fold3_test_proxy,2021-12-31,2022-06-04,2998952.42,2.782888e+06
fold3_test_proxy,2021-12-31,2022-06-05,2945501.79,3.1974075e+06
fold3_test_proxy,2021-12-31,2022-06-06,3100859.0,3.3042095e+06
fold3_test_proxy,2021-12-31,2022-06-07,3673238.8,3.206073e+06
fold3_test_proxy,2021-12-31,2022-06-08,3686799.9,4.0482825e+06
fold3_test_proxy,2021-12-31,2022-06-09,2619038.14,4.0712572e+06
fold3_test_proxy,2021-12-31,2022-06-10,3369544.01,3.6250692e+06
fold3_test_proxy,2021-12-31,2022-06-11,4463584.56,3.257723e+06
fold3_test_proxy,2021-12-31,2022-06-12,4561669.81,3.9906085e+06
fold3_test_proxy,2021-12-31,2022-06-13,4221162.05,3.525164e+06
fold3_test_proxy,2021-12-31,2022-06-14,4843640.76,3.6222562e+06
fold3_test_proxy,2021-12-31,2022-06-15,4969823.53,5.081797e+06
fold3_test_proxy,2021-12-31,2022-06-16,4143877.35,4.7690785e+06
fold3_test_proxy,2021-12-31,2022-06-17,4914374.7,4.0590452e+06
fold3_test_proxy,2021-12-31,2022-06-18,4817780.87,4.107601e+06
fold3_test_proxy,2021-12-31,2022-06-19,3795086.21,4.103208e+06
fold3_test_proxy,2021-12-31,2022-06-20,3323030.57,3.6104475e+06
fold3_test_proxy,2021-12-31,2022-06-21,4271838.09,3.4901105e+06
fold3_test_proxy,2021-12-31,2022-06-22,5182306.11,5.005669e+06
fold3_test_proxy,2021-12-31,2022-06-23,3276933.23,4.541911e+06
fold3_test_proxy,2021-12-31,2022-06-24,4334289.08,3.8026032e+06
fold3_test_proxy,2021-12-31,2022-06-25,3650772.37,3.8484732e+06
fold3_test_proxy,2021-12-31,2022-06-26,3313898.55,3.9607468e+06
fold3_test_proxy,2021-12-31,2022-06-27,3481464.68,3.9645525e+06
fold3_test_proxy,2021-12-31,2022-06-28,5799352.35,4.1794548e+06
fold3_test_proxy,2021-12-31,2022-06-29,7265484.49,6.644399e+06
fold3_test_proxy,2021-12-31,2022-06-30,5503799.91,5.520206e+06
fold3_test_proxy,2021-12-31,2022-07-01,5150082.22,5.7013165e+06
fold3_test_proxy,2021-12-31,2022-07-02,4591824.74,4.132756e+06
fold3_test_proxy,2021-12-31,2022-07-03,3487232.0,4.2698155e+06
fold3_test_proxy,2021-12-31,2022-07-04,1208545.64,1.2387726e+06
fold3_test_proxy,2021-12-31,2022-07-05,1079245.09,1.2907046e+06
fold3_test_proxy,2021-12-31,2022-07-06,2003115.26,1.639738e+06
fold3_test_proxy,2021-12-31,2022-07-07,2178171.4,2.1322412e+06
fold3_test_proxy,2021-12-31,2022-07-08,1881078.1,2.2526842e+06
fold3_test_proxy,2021-12-31,2022-07-09,1988747.3,1.9423186e+06
fold3_test_proxy,2021-12-31,2022-07-10,2250020.87,2.4373335e+06
fold3_test_proxy,2021-12-31,2022-07-11,3085208.06,2.9849648e+06
fold3_test_proxy,2021-12-31,2022-07-12,3275001.85,2.78245e+06
fold3_test_proxy,2021-12-31,2022-07-13,3331997.68,2.632914e+06
fold3_test_proxy,2021-12-31,2022-07-14,3428606.64,3.3312048e+06
fold3_test_proxy,2021-12-31,2022-07-15,3272104.3,2.9119612e+06
fold3_test_proxy,2021-12-31,2022-07-16,3060600.17,2.3528162e+06
fold3_test_proxy,2021-12-31,2022-07-17,3238870.01,2.6862215e+06
fold3_test_proxy,2021-12-31,2022-07-18,3305333.1,3.125661e+06
fold3_test_proxy,2021-12-31,2022-07-19,3101945.44,2.7226332e+06
fold3_test_proxy,2021-12-31,2022-07-20,3436240.82,3.6959648e+06
fold3_test_proxy,2021-12-31,2022-07-21,3596036.01,3.6509552e+06
fold3_test_proxy,2021-12-31,2022-07-22,2771453.13,3.688827e+06
fold3_test_proxy,2021-12-31,2022-07-23,4190232.53,2.7558855e+06
fold3_test_proxy,2021-12-31,2022-07-24,3833852.9,2.9314378e+06
fold3_test_proxy,2021-12-31,2022-07-25,2614143.21,3.3951125e+06
fold3_test_proxy,2021-12-31,2022-07-26,3176075.37,3.100086e+06
fold3_test_proxy,2021-12-31,2022-07-27,4214912.76,3.3265632e+06
fold3_test_proxy,2021-12-31,2022-07-28,4859620.98,3.984258e+06
fold3_test_proxy,2021-12-31,2022-07-29,3226100.81,4.124071e+06
fold3_test_proxy,2021-12-31,2022-07-30,2682461.47,3.7680742e+06
fold3_test_proxy,2021-12-31,2022-07-31,4622917.86,4.411943e+06
fold3_test_proxy,2021-12-31,2022-08-01,4081818.17,7.3716515e+06
fold3_test_proxy,2021-12-31,2022-08-02,4490226.96,6.7088545e+06
fold3_test_proxy,2021-12-31,2022-08-03,5085558.26,5.530044e+06
fold3_test_proxy,2021-12-31,2022-08-04,4345026.44,4.8767615e+06
fold3_test_proxy,2021-12-31,2022-08-05,2114789.45,2.5658495e+06
fold3_test_proxy,2021-12-31,2022-08-06,2325289.52,2.3280122e+06
fold3_test_proxy,2021-12-31,2022-08-07,2331541.43,3.1207582e+06
fold3_test_proxy,2021-12-31,2022-08-08,3054473.91,2.879958e+06
fold3_test_proxy,2021-12-31,2022-08-09,2488386.71,2.2572198e+06
fold3_test_proxy,2021-12-31,2022-08-10,2963483.62,2.8068522e+06
fold3_test_proxy,2021-12-31,2022-08-11,3674343.1,3.5365792e+06
fold3_test_proxy,2021-12-31,2022-08-12,2787707.25,2.853978e+06
fold3_test_proxy,2021-12-31,2022-08-13,1789226.45,2.9092438e+06
fold3_test_proxy,2021-12-31,2022-08-14,2557373.24,3.3945265e+06
fold3_test_proxy,2021-12-31,2022-08-15,3869248.63,3.417469e+06
fold3_test_proxy,2021-12-31,2022-08-16,3139997.28,2.7750642e+06
fold3_test_proxy,2021-12-31,2022-08-17,3480892.06,3.2178602e+06
fold3_test_proxy,2021-12-31,2022-08-18,4171974.77,3.7771442e+06
fold3_test_proxy,2021-12-31,2022-08-19,2011108.63,3.3279692e+06
fold3_test_proxy,2021-12-31,2022-08-20,2479005.37,2.8713382e+06
fold3_test_proxy,2021-12-31,2022-08-21,2235990.02,3.3097792e+06
fold3_test_proxy,2021-12-31,2022-08-22,3743695.22,3.572113e+06
fold3_test_proxy,2021-12-31,2022-08-23,2422220.1,2.6235922e+06
fold3_test_proxy,2021-12-31,2022-08-24,3292983.26,2.9263068e+06
fold3_test_proxy,2021-12-31,2022-08-25,3512475.16,3.837976e+06
fold3_test_proxy,2021-12-31,2022-08-26,3544046.7,2.5290825e+06
fold3_test_proxy,2021-12-31,2022-08-27,2367664.33,2.7625825e+06
fold3_test_proxy,2021-12-31,2022-08-28,7051722.27,4.6725205e+06
fold3_test_proxy,2021-12-31,2022-08-29,7928796.83,7.1954575e+06
fold3_test_proxy,2021-12-31,2022-08-30,6574345.89,6.7604285e+06
fold3_test_proxy,2021-12-31,2022-08-31,7627532.44,7.648568e+06
fold3_test_proxy,2021-12-31,2022-09-01,6284732.49,5.8366805e+06
fold3_test_proxy,2021-12-31,2022-09-02,1902817.9,2.8795598e+06
fold3_test_proxy,2021-12-31,2022-09-03,1443083.36,1.4462306e+06
fold3_test_proxy,2021-12-31,2022-09-04,1814811.35,1.5207374e+06
fold3_test_proxy,2021-12-31,2022-09-05,2214621.47,1.8888451e+06
fold3_test_proxy,2021-12-31,2022-09-06,1440405.44,2.0588512e+06
fold3_test_proxy,2021-12-31,2022-09-07,1890879.55,2.273854e+06
fold3_test_proxy,2021-12-31,2022-09-08,3137260.99,2.6140918e+06
fold3_test_proxy,2021-12-31,2022-09-09,1905843.43,2.3449355e+06
fold3_test_proxy,2021-12-31,2022-09-10,3003150.84,1.9869844e+06
fold3_test_proxy,2021-12-31,2022-09-11,3574194.77,2.4378705e+06
fold3_test_proxy,2021-12-31,2022-09-12,3415849.51,2.3570585e+06
fold3_test_proxy,2021-12-31,2022-09-13,2521208.91,2.6420168e+06
fold3_test_proxy,2021-12-31,2022-09-14,2125189.04,2.4773575e+06
fold3_test_proxy,2021-12-31,2022-09-15,3154006.65,2.6068522e+06
fold3_test_proxy,2021-12-31,2022-09-16,2557894.76,2.3854888e+06
fold3_test_proxy,2021-12-31,2022-09-17,1810510.0,2.0252621e+06
fold3_test_proxy,2021-12-31,2022-09-18,2355578.71,2.1429745e+06
fold3_test_proxy,2021-12-31,2022-09-19,2832515.44,2.6403468e+06
fold3_test_proxy,2021-12-31,2022-09-20,1813002.77,2.1935992e+06
fold3_test_proxy,2021-12-31,2022-09-21,2262085.02,2.9266948e+06
fold3_test_proxy,2021-12-31,2022-09-22,3106149.95,2.558885e+06
fold3_test_proxy,2021-12-31,2022-09-23,2634119.24,2.3631808e+06
fold3_test_proxy,2021-12-31,2022-09-24,2896411.14,2.209381e+06
fold3_test_proxy,2021-12-31,2022-09-25,3041369.47,2.3223778e+06
fold3_test_proxy,2021-12-31,2022-09-26,5205389.57,2.5363092e+06
fold3_test_proxy,2021-12-31,2022-09-27,4259834.95,3.206018e+06
fold3_test_proxy,2021-12-31,2022-09-28,4257301.76,4.145443e+06
fold3_test_proxy,2021-12-31,2022-09-29,4352754.23,3.7881145e+06
fold3_test_proxy,2021-12-31,2022-09-30,2551313.88,3.3974708e+06
fold3_test_proxy,2021-12-31,2022-10-01,1469771.93,3.2878642e+06
fold3_test_proxy,2021-12-31,2022-10-02,1289798.82,1.9267311e+06
fold3_test_proxy,2021-12-31,2022-10-03,2179072.88,992439.5
fold3_test_proxy,2021-12-31,2022-10-04,2751920.12,1.5162365e+06
fold3_test_proxy,2021-12-31,2022-10-05,1527341.84,1.5742026e+06
fold3_test_proxy,2021-12-31,2022-10-06,2026518.43,1.8343016e+06
fold3_test_proxy,2021-12-31,2022-10-07,1406363.3,1.8483921e+06
fold3_test_proxy,2021-12-31,2022-10-08,2137543.63,1.8212164e+06
fold3_test_proxy,2021-12-31,2022-10-09,1805775.79,1.833756e+06
fold3_test_proxy,2021-12-31,2022-10-10,2356440.12,1.8440345e+06
fold3_test_proxy,2021-12-31,2022-10-11,2270162.6,2.2365012e+06
fold3_test_proxy,2021-12-31,2022-10-12,1976207.14,1.7098224e+06
fold3_test_proxy,2021-12-31,2022-10-13,2430819.33,1.9400398e+06
fold3_test_proxy,2021-12-31,2022-10-14,1927818.67,2.1351572e+06
fold3_test_proxy,2021-12-31,2022-10-15,1986495.19,2.1641242e+06
fold3_test_proxy,2021-12-31,2022-10-16,1897952.11,2.0010394e+06
fold3_test_proxy,2021-12-31,2022-10-17,2507328.8,2.1014595e+06
fold3_test_proxy,2021-12-31,2022-10-18,3170696.65,2.0882144e+06
fold3_test_proxy,2021-12-31,2022-10-19,2324314.45,2.3763245e+06
fold3_test_proxy,2021-12-31,2022-10-20,2591151.06,2.3984045e+06
fold3_test_proxy,2021-12-31,2022-10-21,2662328.56,2.0637618e+06
fold3_test_proxy,2021-12-31,2022-10-22,2407124.47,2.2994795e+06
fold3_test_proxy,2021-12-31,2022-10-23,1971627.46,2.1940198e+06
fold3_test_proxy,2021-12-31,2022-10-24,2678456.17,2.0752126e+06
fold3_test_proxy,2021-12-31,2022-10-25,3003375.87,2.5952855e+06
fold3_test_proxy,2021-12-31,2022-10-26,2345490.55,2.3664575e+06
fold3_test_proxy,2021-12-31,2022-10-27,2493935.72,2.3298888e+06
fold3_test_proxy,2021-12-31,2022-10-28,4210212.53,3.0018878e+06
fold3_test_proxy,2021-12-31,2022-10-29,3626939.26,3.5390825e+06
fold3_test_proxy,2021-12-31,2022-10-30,3130677.4,3.5641638e+06
fold3_test_proxy,2021-12-31,2022-10-31,4630791.46,3.3097572e+06
fold3_test_proxy,2021-12-31,2022-11-01,3025164.28,3.7471608e+06
fold3_test_proxy,2021-12-31,2022-11-02,1338326.56,2.1657305e+06
fold3_test_proxy,2021-12-31,2022-11-03,1253721.23,1.4889035e+06
fold3_test_proxy,2021-12-31,2022-11-04,1065066.0,1.1682839e+06
fold3_test_proxy,2021-12-31,2022-11-05,1826120.07,1.5148865e+06
fold3_test_proxy,2021-12-31,2022-11-06,2207719.98,1.7090954e+06
fold3_test_proxy,2021-12-31,2022-11-07,1655852.99,1.3489238e+06
fold3_test_proxy,2021-12-31,2022-11-08,1781413.12,1.6789469e+06
fold3_test_proxy,2021-12-31,2022-11-09,845358.47,2.1010465e+06
fold3_test_proxy,2021-12-31,2022-11-10,2079598.87,2.1351532e+06
fold3_test_proxy,2021-12-31,2022-11-11,1581745.15,1.6589735e+06
fold3_test_proxy,2021-12-31,2022-11-12,1354235.95,1.8169974e+06
fold3_test_proxy,2021-12-31,2022-11-13,2903552.41,1.8694244e+06
fold3_test_proxy,2021-12-31,2022-11-14,1656739.7,1.788447e+06
fold3_test_proxy,2021-12-31,2022-11-15,1547150.37,1.7836301e+06
fold3_test_proxy,2021-12-31,2022-11-16,1436853.58,1.9635844e+06
fold3_test_proxy,2021-12-31,2022-11-17,1542318.91,1.9176862e+06
fold3_test_proxy,2021-12-31,2022-11-18,2067584.69,1.7319219e+06
fold3_test_proxy,2021-12-31,2022-11-19,1496563.56,1.4187125e+06
fold3_test_proxy,2021-12-31,2022-11-20,1857748.24,1.2936004e+06
fold3_test_proxy,2021-12-31,2022-11-21,1349907.06,1.6097458e+06
fold3_test_proxy,2021-12-31,2022-11-22,853188.02,1.5388145e+06
fold3_test_proxy,2021-12-31,2022-11-23,1060969.69,1.4311588e+06
fold3_test_proxy,2021-12-31,2022-11-24,1729664.2,1.4160726e+06
fold3_test_proxy,2021-12-31,2022-11-25,1527923.9,1.2901766e+06
fold3_test_proxy,2021-12-31,2022-11-26,2035639.78,1.1672794e+06
fold3_test_proxy,2021-12-31,2022-11-27,3138619.13,1.4315656e+06
fold3_test_proxy,2021-12-31,2022-11-28,2104917.42,2.1992862e+06
fold3_test_proxy,2021-12-31,2022-11-29,2558728.79,2.0052019e+06
fold3_test_proxy,2021-12-31,2022-11-30,1317689.52,2.1082745e+06
fold3_test_proxy,2021-12-31,2022-12-01,1668445.9,1.7626469e+06
fold3_test_proxy,2021-12-31,2022-12-02,720381.04,1.1021508e+06
fold3_test_proxy,2021-12-31,2022-12-03,753704.17,645163.0
fold3_test_proxy,2021-12-31,2022-12-04,664409.51,875647.75
fold3_test_proxy,2021-12-31,2022-12-05,1607335.1,810609.06
fold3_test_proxy,2021-12-31,2022-12-06,1436188.44,1.0361305e+06
fold3_test_proxy,2021-12-31,2022-12-07,760218.13,876271.0
fold3_test_proxy,2021-12-31,2022-12-08,818209.67,971805.5
fold3_test_proxy,2021-12-31,2022-12-09,1323267.85,1.1672715e+06
fold3_test_proxy,2021-12-31,2022-12-10,1598936.84,1.1618075e+06
fold3_test_proxy,2021-12-31,2022-12-11,1420910.74,1.0460601e+06
fold3_test_proxy,2021-12-31,2022-12-12,1983085.06,1.0707819e+06
fold3_test_proxy,2021-12-31,2022-12-13,1652309.19,1.312012e+06
fold3_test_proxy,2021-12-31,2022-12-14,1662243.59,1.4369904e+06
fold3_test_proxy,2021-12-31,2022-12-15,1494318.64,1.5102648e+06
fold3_test_proxy,2021-12-31,2022-12-16,1482192.97,1.7355314e+06
fold3_test_proxy,2021-12-31,2022-12-17,1302193.74,1.4193634e+06
fold3_test_proxy,2021-12-31,2022-12-18,2201374.59,1.2324589e+06
fold3_test_proxy,2021-12-31,2022-12-19,2250767.39,1.5583276e+06
fold3_test_proxy,2021-12-31,2022-12-20,2026810.08,1.8678846e+06
fold3_test_proxy,2021-12-31,2022-12-21,1795395.02,2.1032398e+06
fold3_test_proxy,2021-12-31,2022-12-22,1791622.46,2.2191308e+06
fold3_test_proxy,2021-12-31,2022-12-23,1501209.11,1.8494624e+06
fold3_test_proxy,2021-12-31,2022-12-24,1390870.89,1.5885962e+06
fold3_test_proxy,2021-12-31,2022-12-25,1136772.53,1.2523341e+06
fold3_test_proxy,2021-12-31,2022-12-26,2110830.12,1.2939372e+06
fold3_test_proxy,2021-12-31,2022-12-27,2100553.66,1.4749152e+06
fold3_test_proxy,2021-12-31,2022-12-28,3448729.2,2.6268672e+06
fold3_test_proxy,2021-12-31,2022-12-29,3083944.33,3.9340262e+06
fold3_test_proxy,2021-12-31,2022-12-30,2884668.76,3.4958338e+06
fold3_test_proxy,2021-12-31,2022-12-31,2383037.48,2.8455748e+06
